Time (s),Pressure,PWM
0.05,0.07,100.00
0.1,0.07,100.00
0.15,0.07,100.00
0.2,0.06,100.00
0.25,0.06,100.00
0.3,0.06,100.00
0.35,0.06,100.00
0.4,0.07,100.00
0.45,0.08,100.00
0.5,0.08,100.00
0.55,0.08,100.00
0.6,0.08,100.00
0.65,0.08,100.00
0.7,0.10,100.00
0.75,0.12,100.00
0.8,0.14,100.00
0.85,0.16,100.00
0.9,0.19,100.00
0.95,0.21,100.00
1,0.22,100.00
1.05,0.24,100.00
1.1,0.27,100.00
1.15,0.30,100.00
1.2,0.34,100.00
1.25,0.39,100.00
1.3,0.44,100.00
1.35,0.50,100.00
1.4,0.54,100.00
1.45,0.58,100.00
1.5,0.62,100.00
1.55,0.67,100.00
1.6,0.74,100.00
1.65,0.79,100.00
1.7,0.84,100.00
1.75,0.89,100.00
1.8,0.96,100.00
1.85,1.02,100.00
1.9,1.08,100.00
1.95,1.14,100.00
2,1.19,100.00
2.05,1.27,100.00
2.1,1.34,100.00
2.15,1.41,100.00
2.2,1.50,100.00
2.25,1.57,100.00
2.3,1.64,100.00
2.35,1.72,100.00
2.4,1.80,100.00
2.45,1.93,100.00
2.5,2.03,100.00
2.55,2.13,100.00
2.6,2.22,100.00
2.65,2.35,100.00
2.7,2.47,100.00
2.75,2.59,100.00
2.8,2.72,100.00
2.85,2.88,100.00
2.9,3.02,100.00
2.95,3.21,100.00
3,3.41,100.00
3.05,3.61,100.00
3.1,3.86,100.00
3.15,4.09,100.00
3.2,4.33,100.00
3.25,4.59,100.00
3.3,5.01,100.00
3.35,5.30,100.00
3.4,5.63,100.00
3.45,5.98,100.00
3.5,6.33,100.00
3.55,6.70,100.00
3.6,7.07,100.00
3.65,7.44,100.00
3.7,7.82,100.00
3.75,8.21,100.00
3.8,8.61,100.00
3.85,9.02,100.00
3.9,9.44,100.00
3.95,9.85,100.00
4,10.47,100.00
4.05,10.90,100.00
4.1,11.33,100.00
4.15,11.72,100.00
4.2,12.12,100.00
4.25,12.52,100.00
4.3,12.89,100.00
4.35,13.25,100.00
4.4,13.65,100.00
4.45,14.03,100.00
4.5,14.38,100.00
4.55,14.64,100.00
4.6,14.83,100.00
4.65,14.95,100.00
4.7,15.00,100.00
4.75,15.00,100.00
4.8,15.00,100.00
4.85,15.00,100.00
4.9,15.00,100.00
4.95,15.00,100.00
5,15.00,100.00
5.05,15.00,100.00
5.1,15.00,100.00
5.15,15.00,100.00
5.2,15.00,100.00
5.25,15.00,100.00
5.3,15.00,100.00
5.35,15.00,100.00
5.4,15.00,100.00
5.45,15.00,100.00
5.5,15.00,100.00
5.55,15.00,100.00
5.6,15.00,100.00
5.65,15.00,100.00
5.7,15.00,100.00
5.75,15.00,100.00
5.8,15.00,100.00
5.85,15.00,100.00
5.9,15.00,100.00
5.95,15.00,100.00
6,15.00,100.00
6.05,15.00,100.00
6.1,15.00,100.00
6.15,15.00,100.00
6.2,15.00,100.00
6.25,15.00,100.00
6.3,15.00,100.00
6.35,15.00,100.00
6.4,15.00,100.00
6.45,15.00,100.00
6.5,15.00,100.00
6.55,15.00,100.00
6.6,15.00,100.00
6.65,15.00,100.00
6.7,15.00,100.00
6.75,15.00,100.00
6.8,15.00,100.00
6.85,15.00,100.00
6.9,15.00,100.00
6.95,15.00,100.00
7,15.00,100.00
7.05,15.00,100.00
7.1,15.00,100.00
7.15,15.00,100.00
7.2,15.00,100.00
7.25,15.00,100.00
7.3,15.00,100.00
7.35,15.00,100.00
7.4,15.00,100.00
7.45,15.00,100.00
7.5,15.00,100.00
7.55,15.00,100.00
7.6,15.00,100.00
7.65,15.00,100.00
7.7,15.00,100.00
7.75,15.00,100.00
7.8,15.00,100.00
7.85,15.00,100.00
7.9,15.00,100.00
7.95,15.00,100.00
8,15.00,50.00
8.05,15.00,50.00
8.1,15.00,50.00
8.15,15.00,50.00
8.2,15.00,50.00
8.25,15.00,50.00
8.3,15.00,50.00
8.35,15.00,50.00
8.4,15.00,50.00
8.45,15.00,50.00
8.5,15.00,50.00
8.55,15.00,50.00
8.6,15.00,50.00
8.65,15.00,50.00
8.7,15.00,50.00
8.75,15.00,50.00
8.8,15.00,50.00
8.85,15.00,50.00
8.9,15.00,50.00
8.95,15.00,50.00
9,15.00,50.00
9.05,15.00,50.00
9.1,15.00,50.00
9.15,15.00,50.00
9.2,15.00,50.00
9.25,15.00,50.00
9.3,15.00,50.00
9.35,15.00,50.00
9.4,15.00,50.00
9.45,15.00,50.00
9.5,15.00,50.00
9.55,15.00,50.00
9.6,15.00,50.00
9.65,15.00,50.00
9.7,15.00,50.00
9.75,15.00,50.00
9.8,15.00,50.00
9.85,15.00,50.00
9.9,15.00,50.00
9.95,15.00,50.00
10,14.96,50.00
10.05,14.91,50.00
10.1,14.82,50.00
10.15,14.70,50.00
10.2,14.56,50.00
10.25,14.42,50.00
10.3,14.29,50.00
10.35,14.18,50.00
10.4,14.07,50.00
10.45,13.96,50.00
10.5,13.86,50.00
10.55,13.74,50.00
10.6,13.62,50.00
10.65,13.50,50.00
10.7,13.32,50.00
10.75,13.21,50.00
10.8,13.10,50.00
10.85,12.98,50.00
10.9,12.87,50.00
10.95,12.75,50.00
11,12.63,50.00
11.05,12.52,50.00
11.1,12.42,50.00
11.15,12.33,50.00
11.2,12.24,50.00
11.25,12.14,50.00
11.3,12.04,50.00
11.35,11.93,50.00
11.4,11.79,50.00
11.45,11.68,50.00
11.5,11.58,50.00
11.55,11.47,50.00
11.6,11.36,50.00
11.65,11.25,50.00
11.7,11.14,50.00
11.75,11.03,50.00
11.8,10.94,50.00
11.85,10.85,50.00
11.9,10.77,50.00
11.95,10.70,50.00
12,10.62,50.00
12.05,10.53,50.00
12.1,10.45,50.00
12.15,10.38,50.00
12.2,10.29,50.00
12.25,10.25,50.00
12.3,10.22,50.00
12.35,10.20,50.00
12.4,10.19,50.00
12.45,10.19,50.00
12.5,10.19,50.00
12.55,10.20,50.00
12.6,10.22,50.00
12.65,10.25,50.00
12.7,10.28,50.00
12.75,10.31,50.00
12.8,10.32,50.00
12.85,10.34,50.00
12.9,10.36,50.00
12.95,10.38,50.00
13,10.40,50.00
13.05,10.42,50.00
13.1,10.44,50.00
13.15,10.45,50.00
13.2,10.46,50.00
13.25,10.46,50.00
13.3,10.46,50.00
13.35,10.47,50.00
13.4,10.48,50.00
13.45,10.50,50.00
13.5,10.52,50.00
13.55,10.54,50.00
13.6,10.56,50.00
13.65,10.58,50.00
13.7,10.60,50.00
13.75,10.60,50.00
13.8,10.59,50.00
13.85,10.57,50.00
13.9,10.54,50.00
13.95,10.53,50.00
14,10.51,50.00
14.05,10.50,50.00
14.1,10.50,50.00
14.15,10.51,50.00
14.2,10.51,50.00
14.25,10.52,50.00
14.3,10.52,50.00
14.35,10.52,50.00
14.4,10.53,50.00
14.45,10.54,50.00
14.5,10.55,50.00
14.55,10.56,50.00
14.6,10.57,50.00
14.65,10.58,50.00
14.7,10.58,50.00
14.75,10.59,50.00
14.8,10.60,50.00
14.85,10.62,50.00
14.9,10.65,50.00
14.95,10.67,50.00
15,10.70,50.00
15.05,10.71,50.00
15.1,10.72,50.00
15.15,10.72,50.00
15.2,10.74,50.00
15.25,10.74,50.00
15.3,10.75,50.00
15.35,10.76,50.00
15.4,10.76,50.00
15.45,10.58,60.00
15.5,10.58,60.00
15.55,10.62,60.00
15.6,10.68,60.00
15.65,10.78,60.00
15.7,10.88,60.00
15.75,11.02,60.00
15.8,11.16,60.00
15.85,11.27,60.00
15.9,11.37,60.00
15.95,11.47,60.00
16,11.56,60.00
16.05,11.70,60.00
16.1,11.78,60.00
16.15,11.85,60.00
16.2,11.91,60.00
16.25,11.95,60.00
16.3,12.00,60.00
16.35,12.04,60.00
16.4,12.09,60.00
16.45,12.14,60.00
16.5,12.19,60.00
16.55,12.23,60.00
16.6,12.28,60.00
16.65,12.32,60.00
16.7,12.37,60.00
16.75,12.44,60.00
16.8,12.49,60.00
16.85,12.53,60.00
16.9,12.57,60.00
16.95,12.59,60.00
17,12.62,60.00
17.05,12.65,60.00
17.1,12.69,60.00
17.15,12.71,60.00
17.2,12.75,60.00
17.25,12.76,60.00
17.3,12.78,60.00
17.35,12.80,60.00
17.4,12.83,60.00
17.45,12.87,60.00
17.5,12.88,60.00
17.55,12.88,60.00
17.6,12.84,60.00
17.65,12.80,60.00
17.7,12.76,60.00
17.75,12.71,60.00
17.8,12.66,60.00
17.85,12.63,60.00
17.9,12.61,60.00
17.95,12.59,60.00
18,12.58,60.00
18.05,12.58,60.00
18.1,12.58,60.00
18.15,12.59,60.00
18.2,12.60,60.00
18.25,12.60,60.00
18.3,12.61,60.00
18.35,12.62,60.00
18.4,12.64,60.00
18.45,12.66,60.00
18.5,12.68,60.00
18.55,12.70,60.00
18.6,12.72,60.00
18.65,12.73,60.00
18.7,12.74,60.00
18.75,12.74,60.00
18.8,12.75,60.00
18.85,12.75,60.00
18.9,12.74,60.00
18.95,12.73,60.00
19,12.72,60.00
19.05,12.71,60.00
19.1,12.71,60.00
19.15,12.73,60.00
19.2,12.76,60.00
19.25,12.79,60.00
19.3,12.82,60.00
19.35,12.82,60.00
19.4,12.82,60.00
19.45,12.79,60.00
19.5,12.75,60.00
19.55,12.68,60.00
19.6,12.63,60.00
19.65,12.58,60.00
19.7,12.53,60.00
19.75,12.50,60.00
19.8,12.48,60.00
19.85,12.48,60.00
19.9,12.48,60.00
19.95,12.50,60.00
20,12.53,60.00
20.05,12.54,60.00
20.1,12.55,60.00
20.15,12.56,60.00
20.2,12.58,60.00
20.25,12.61,60.00
20.3,12.63,60.00
20.35,12.66,60.00
20.4,12.67,60.00
20.45,12.69,60.00
20.5,12.71,60.00
20.55,12.74,60.00
20.6,12.76,60.00
20.65,12.79,60.00
20.7,12.82,60.00
20.75,12.83,60.00
20.8,12.83,60.00
20.85,12.84,60.00
20.9,12.84,60.00
20.95,12.85,60.00
21,12.86,60.00
21.05,12.87,60.00
21.1,12.89,60.00
21.15,12.91,60.00
21.2,12.92,60.00
21.25,12.91,60.00
21.3,12.89,60.00
21.35,12.85,60.00
21.4,12.80,60.00
21.45,12.73,60.00
21.5,12.66,60.00
21.55,12.60,60.00
21.6,12.55,60.00
21.65,12.49,60.00
21.7,12.46,60.00
21.75,12.44,60.00
21.8,12.43,60.00
21.85,12.44,60.00
21.9,12.45,60.00
21.95,12.46,60.00
22,12.47,60.00
22.05,12.50,60.00
22.1,12.51,60.00
22.15,12.53,60.00
22.2,12.55,60.00
22.25,12.57,60.00
22.3,12.58,60.00
22.35,12.61,60.00
22.4,12.63,60.00
22.45,12.65,60.00
22.5,12.67,60.00
22.55,12.69,60.00
22.6,12.71,60.00
22.65,12.73,60.00
22.7,12.74,60.00
22.75,12.75,60.00
22.8,12.75,60.00
22.85,12.75,60.00
22.9,12.75,60.00
22.95,12.76,60.00
23,12.77,60.00
23.05,12.82,60.00
23.1,12.84,60.00
23.15,12.85,60.00
23.2,12.85,60.00
23.25,12.83,60.00
23.3,12.80,60.00
23.35,12.76,60.00
23.4,12.72,60.00
23.45,12.68,60.00
23.5,12.64,60.00
23.55,12.60,60.00
23.6,12.58,60.00
23.65,12.56,60.00
23.7,12.73,40.00
23.75,12.76,40.00
23.8,12.75,40.00
23.85,12.70,40.00
23.9,12.63,40.00
23.95,12.52,40.00
24,12.31,40.00
24.05,12.15,40.00
24.1,12.01,40.00
24.15,11.88,40.00
24.2,11.76,40.00
24.25,11.64,40.00
24.3,11.53,40.00
24.35,11.41,40.00
24.4,11.29,40.00
24.45,11.17,40.00
24.5,11.05,40.00
24.55,10.94,40.00
24.6,10.82,40.00
24.65,10.71,40.00
24.7,10.55,40.00
24.75,10.44,40.00
24.8,10.32,40.00
24.85,10.22,40.00
24.9,10.12,40.00
24.95,10.03,40.00
25,9.94,40.00
25.05,9.86,40.00
25.1,9.77,40.00
25.15,9.69,40.00
25.2,9.60,40.00
25.25,9.51,40.00
25.3,9.42,40.00
25.35,9.33,40.00
25.4,9.25,40.00
25.45,9.16,40.00
25.5,9.04,40.00
25.55,8.95,40.00
25.6,8.86,40.00
25.65,8.77,40.00
25.7,8.69,40.00
25.75,8.61,40.00
25.8,8.54,40.00
25.85,8.48,40.00
25.9,8.42,40.00
25.95,8.36,40.00
26,8.30,40.00
26.05,8.23,40.00
26.1,8.16,40.00
26.15,8.08,40.00
26.2,8.02,40.00
26.25,7.97,40.00
26.3,7.94,40.00
26.35,7.93,40.00
26.4,7.94,40.00
26.45,7.94,40.00
26.5,7.95,40.00
26.55,7.96,40.00
26.6,7.97,40.00
26.65,7.98,40.00
26.7,7.99,40.00
26.75,7.99,40.00
26.8,7.99,40.00
26.85,7.97,40.00
26.9,7.94,40.00
26.95,7.90,40.00
27,7.87,40.00
27.05,7.83,40.00
27.1,7.80,40.00
27.15,7.79,40.00
27.2,7.77,40.00
27.25,7.76,40.00
27.3,7.76,40.00
27.35,7.76,40.00
27.4,7.77,40.00
27.45,7.78,40.00
27.5,7.81,40.00
27.55,7.82,40.00
27.6,7.82,40.00
27.65,7.82,40.00
27.7,7.82,40.00
27.75,7.82,40.00
27.8,7.82,40.00
27.85,7.83,40.00
27.9,7.85,40.00
27.95,7.84,40.00
28,7.84,40.00
28.05,7.85,40.00
28.1,7.85,40.00
28.15,7.87,40.00
28.2,7.90,40.00
28.25,7.93,40.00
28.3,7.94,40.00
28.35,7.95,40.00
28.4,7.95,40.00
28.45,7.94,40.00
28.5,7.94,40.00
28.55,7.93,40.00
28.6,7.93,40.00
28.65,7.93,40.00
28.7,7.91,40.00
28.75,7.90,40.00
28.8,7.90,40.00
28.85,7.91,40.00
28.9,7.91,40.00
28.95,7.94,40.00
29,7.97,40.00
29.05,7.99,40.00
29.1,8.02,40.00
29.15,8.02,40.00
29.2,8.02,40.00
29.25,8.01,40.00
29.3,7.99,40.00
29.35,7.97,40.00
29.4,7.97,40.00
29.45,7.94,40.00
29.5,7.91,40.00
29.55,7.89,40.00
29.6,7.87,40.00
29.65,7.86,40.00
29.7,7.87,40.00
29.75,7.88,40.00
29.8,7.90,40.00
29.85,7.92,40.00
29.9,7.94,40.00
29.95,7.94,40.00
30,7.94,40.00
30.05,7.93,40.00
30.1,7.93,40.00
30.15,7.93,40.00
30.2,8.08,50.00
30.25,8.10,50.00
30.3,8.13,50.00
30.35,8.17,50.00
30.4,8.24,50.00
30.45,8.32,50.00
30.5,8.48,50.00
30.55,8.58,50.00
30.6,8.68,50.00
30.65,8.78,50.00
30.7,8.88,50.00
30.75,8.98,50.00
30.8,9.06,50.00
30.85,9.14,50.00
30.9,9.21,50.00
30.95,9.28,50.00
31,9.34,50.00
31.05,9.42,50.00
31.1,9.49,50.00
31.15,9.60,50.00
31.2,9.65,50.00
31.25,9.72,50.00
31.3,9.78,50.00
31.35,9.84,50.00
31.4,9.90,50.00
31.45,9.96,50.00
31.5,10.01,50.00
31.55,10.05,50.00
31.6,10.09,50.00
31.65,10.13,50.00
31.7,10.17,50.00
31.75,10.20,50.00
31.8,10.23,50.00
31.85,10.26,50.00
31.9,10.26,50.00
31.95,10.27,50.00
32,10.29,50.00
32.05,10.32,50.00
32.1,10.35,50.00
32.15,10.39,50.00
32.2,10.42,50.00
32.25,10.45,50.00
32.3,10.47,50.00
32.35,10.48,50.00
32.4,10.50,50.00
32.45,10.51,50.00
32.5,10.53,50.00
32.55,10.55,50.00
32.6,10.58,50.00
32.65,10.61,50.00
32.7,10.62,50.00
32.75,10.65,50.00
32.8,10.67,50.00
32.85,10.70,50.00
32.9,10.73,50.00
32.95,10.76,50.00
33,10.79,50.00
33.05,10.81,50.00
33.1,10.81,50.00
33.15,10.81,50.00
33.2,10.82,50.00
33.25,10.83,50.00
33.3,10.85,50.00
33.35,10.88,50.00
33.4,10.89,50.00
33.45,10.87,50.00
33.5,10.83,50.00
33.55,10.80,50.00
33.6,10.77,50.00
33.65,10.74,50.00
33.7,10.72,50.00
33.75,10.73,50.00
33.8,10.72,50.00
33.85,10.71,50.00
33.9,10.71,50.00
33.95,10.72,50.00
34,10.72,50.00
34.05,10.72,50.00
34.1,10.74,50.00
34.15,10.75,50.00
34.2,10.76,50.00
34.25,10.78,50.00
34.3,10.80,50.00
34.35,10.82,50.00
34.4,10.84,50.00
34.45,10.87,50.00
34.5,10.90,50.00
34.55,10.93,50.00
34.6,10.94,50.00
34.65,10.95,50.00
34.7,10.95,50.00
34.75,10.95,50.00
34.8,10.95,50.00
34.85,10.95,50.00
34.9,10.95,50.00
34.95,10.94,50.00
35,10.94,50.00
35.05,10.96,50.00
35.1,10.99,50.00
35.15,11.02,50.00
35.2,11.06,50.00
35.25,11.08,50.00
35.3,11.09,50.00
35.35,11.08,50.00
35.4,11.05,50.00
35.45,11.02,50.00
35.5,10.99,50.00
35.55,10.97,50.00
35.6,10.93,50.00
35.65,10.91,50.00
35.7,10.90,50.00
35.75,10.90,50.00
35.8,10.91,50.00
35.85,10.93,50.00
35.9,10.95,50.00
35.95,10.98,50.00
36,11.00,50.00
36.05,11.02,50.00
36.1,11.04,50.00
36.15,11.05,50.00
36.2,11.06,50.00
36.25,11.07,50.00
36.3,11.08,50.00
36.35,11.10,50.00
36.4,11.12,50.00
36.45,11.13,50.00
36.5,11.15,50.00
36.55,11.17,50.00
36.6,11.25,75.00
36.65,11.21,75.00
36.7,11.28,75.00
36.75,11.45,75.00
36.8,11.75,75.00
36.85,12.13,75.00
36.9,12.54,75.00
36.95,12.93,75.00
37,13.35,75.00
37.05,13.69,75.00
37.1,14.02,75.00
37.15,14.35,75.00
37.2,14.62,75.00
37.25,14.87,75.00
37.3,14.96,75.00
37.35,15.00,75.00
37.4,15.00,75.00
37.45,15.00,75.00
37.5,15.00,75.00
37.55,15.00,75.00
37.6,15.00,75.00
37.65,15.00,75.00
37.7,15.00,75.00
37.75,15.00,75.00
37.8,15.00,75.00
37.85,15.00,75.00
37.9,15.00,75.00
37.95,15.00,75.00
38,15.00,75.00
38.05,15.00,75.00
38.1,15.00,75.00
38.15,15.00,75.00
38.2,15.00,75.00
38.25,15.00,75.00
38.3,15.00,75.00
38.35,15.00,75.00
38.4,15.00,75.00
38.45,15.00,75.00
38.5,15.00,75.00
38.55,15.00,75.00
38.6,15.00,75.00
38.65,15.00,75.00
38.7,15.00,75.00
38.75,15.00,75.00
38.8,15.00,75.00
38.85,15.00,75.00
38.9,15.00,75.00
38.95,15.00,75.00
39,15.00,75.00
39.05,15.00,75.00
39.1,15.00,75.00
39.15,15.00,75.00
39.2,15.00,75.00
39.25,15.00,75.00
39.3,15.00,75.00
39.35,15.00,75.00
39.4,15.00,75.00
39.45,15.00,75.00
39.5,15.00,75.00
39.55,15.00,75.00
39.6,15.00,75.00
39.65,15.00,75.00
39.7,15.00,75.00
39.75,15.00,75.00
39.8,15.00,75.00
39.85,15.00,75.00
39.9,15.00,75.00
39.95,15.00,75.00
40,15.00,75.00
40.05,15.00,75.00
40.1,15.00,75.00
40.15,15.00,75.00
40.2,15.00,75.00
40.25,15.00,75.00
40.3,15.00,75.00
40.35,15.00,75.00
40.4,15.00,75.00
40.45,15.00,75.00
40.5,15.00,75.00
40.55,15.00,75.00
40.6,15.00,75.00
40.65,15.00,75.00
40.7,15.00,75.00
40.75,15.00,75.00
40.8,15.00,75.00
40.85,15.00,75.00
40.9,15.00,75.00
40.95,15.00,75.00
41,15.00,75.00
41.05,15.00,75.00
41.1,15.00,75.00
41.15,15.00,75.00
41.2,15.00,75.00
41.25,15.00,75.00
41.3,12.36,75.00
41.35,9.73,75.00
41.4,7.12,75.00
41.45,4.51,75.00
41.5,1.91,75.00
41.55,1.98,75.00
41.6,2.02,75.00
41.65,2.07,75.00
41.7,2.10,75.00
41.75,2.13,75.00
41.8,2.14,75.00
41.85,2.15,75.00
41.9,2.14,75.00
41.95,2.13,75.00
42,2.12,75.00
42.05,2.10,75.00
42.1,2.09,75.00
42.15,2.08,75.00
42.2,2.07,75.00
42.25,2.05,75.00
42.3,2.04,75.00
42.35,2.02,75.00
42.4,1.85,0.00
42.45,1.83,0.00
42.5,1.81,0.00
42.55,1.80,0.00
42.6,1.78,0.00
42.65,1.77,0.00
42.7,1.76,0.00
42.75,1.75,0.00
42.8,1.75,0.00
42.85,1.74,0.00
42.9,1.73,0.00
42.95,1.72,0.00
43,1.71,0.00
43.05,1.71,0.00
43.1,1.70,0.00
43.15,1.69,0.00
43.2,1.69,0.00
43.25,1.68,0.00
43.3,1.67,0.00
43.35,1.67,0.00
43.4,1.66,0.00
43.45,1.65,0.00
43.5,1.64,0.00
43.55,1.64,0.00
43.6,1.63,0.00
43.65,1.62,0.00
43.7,1.62,0.00
43.75,1.61,0.00
43.8,1.60,0.00
43.85,1.60,0.00
43.9,1.59,0.00
43.95,1.59,0.00
44,1.58,0.00
44.05,1.58,0.00
44.1,1.57,0.00
44.15,1.56,0.00
44.2,1.56,0.00
44.25,1.55,0.00
44.3,1.55,0.00
44.35,1.54,0.00
44.4,1.53,0.00
44.45,1.53,0.00
44.5,1.53,0.00
44.55,1.52,0.00
44.6,1.51,0.00
44.65,1.51,0.00
44.7,1.51,0.00
44.75,1.50,0.00
44.8,1.49,0.00
44.85,1.49,0.00
44.9,1.48,0.00
44.95,1.48,0.00
45,1.47,0.00
45.05,1.47,0.00
45.1,1.46,0.00
45.15,1.46,0.00
45.2,1.46,0.00
45.25,1.45,0.00
45.3,1.45,0.00
45.35,1.45,0.00
45.4,1.44,0.00
45.45,1.44,0.00
45.5,1.43,0.00
45.55,1.43,0.00
45.6,1.43,0.00
45.65,1.43,0.00
45.7,1.42,0.00
45.75,1.42,0.00
45.8,1.42,0.00
45.85,1.42,0.00
45.9,1.41,0.00
45.95,1.41,0.00
46,1.41,0.00
46.05,1.41,0.00
46.1,1.41,0.00
46.15,1.41,0.00
46.2,1.41,0.00
46.25,1.40,0.00
46.3,1.40,0.00
46.35,1.40,0.00
46.4,1.40,0.00
46.45,1.40,0.00
46.5,1.40,0.00
46.55,1.40,0.00
46.6,1.39,0.00
46.65,1.39,0.00
46.7,1.39,0.00
46.75,1.38,0.00
46.8,1.38,0.00
46.85,1.38,0.00
46.9,1.37,0.00
46.95,1.37,0.00
47,1.37,0.00
47.05,1.37,0.00
47.1,1.36,0.00
47.15,1.36,0.00
47.2,1.36,0.00
47.25,1.36,0.00
47.3,1.35,0.00
47.35,1.35,0.00
47.4,1.35,0.00
47.45,1.35,0.00
47.5,1.34,0.00
47.55,1.34,0.00
47.6,1.34,0.00
47.65,1.34,0.00
47.7,1.33,0.00
47.75,1.33,0.00
47.8,1.33,0.00
47.85,1.32,0.00
47.9,1.32,0.00
47.95,1.32,0.00
48,1.32,0.00
48.05,1.31,0.00
48.1,1.31,0.00
48.15,1.31,0.00
48.2,1.31,0.00
48.25,1.30,0.00
48.3,1.30,0.00
48.35,1.30,0.00
48.4,1.30,0.00
48.45,1.29,0.00
48.5,1.29,0.00
48.55,1.28,0.00
48.6,1.28,0.00
48.65,1.27,0.00
48.7,1.27,0.00
48.75,1.27,0.00
48.8,1.27,0.00
48.85,1.26,0.00
48.9,1.26,0.00
48.95,1.26,0.00
49,1.25,0.00
49.05,1.25,0.00
49.1,1.25,0.00
49.15,1.24,0.00
49.2,1.24,0.00
49.25,1.24,0.00
49.3,1.23,0.00
49.35,1.23,0.00
49.4,1.23,0.00
49.45,1.22,0.00
49.5,1.22,0.00
49.55,1.21,0.00
49.6,1.21,0.00
49.65,1.21,0.00
49.7,1.20,0.00
49.75,1.20,0.00
49.8,1.20,0.00
49.85,1.20,0.00
49.9,1.20,0.00
49.95,1.19,0.00
50,1.19,0.00
50.05,1.19,0.00
50.1,1.19,0.00
50.15,1.18,0.00
50.2,1.18,0.00
50.25,1.18,0.00
50.3,1.17,0.00
50.35,1.17,0.00
50.4,1.17,0.00
50.45,1.17,0.00
50.5,1.16,0.00
50.55,1.16,0.00
50.6,1.16,0.00
50.65,1.16,0.00
50.7,1.16,0.00
50.75,1.16,0.00
50.8,1.16,0.00
50.85,1.15,0.00
50.9,1.15,0.00
50.95,1.15,0.00
51,1.15,0.00
51.05,1.14,0.00
51.1,1.14,0.00
51.15,1.14,0.00
51.2,1.14,0.00
51.25,1.14,0.00
51.3,1.13,0.00
51.35,1.13,0.00
51.4,1.13,0.00
51.45,1.13,0.00
51.5,1.12,0.00
51.55,1.12,0.00
51.6,1.12,0.00
51.65,1.12,0.00
51.7,1.12,0.00
51.75,1.11,0.00
51.8,1.11,0.00
51.85,1.11,0.00
51.9,1.11,0.00
51.95,1.11,0.00
52,1.10,0.00
52.05,1.10,0.00
52.1,1.10,0.00
52.15,1.09,0.00
52.2,1.09,0.00
52.25,1.09,0.00
52.3,1.09,0.00
52.35,1.08,0.00
52.4,1.08,0.00
52.45,1.08,0.00
52.5,1.07,0.00
52.55,1.07,0.00
52.6,1.07,0.00
52.65,1.07,0.00
52.7,1.07,0.00
52.75,1.07,0.00
52.8,1.07,0.00
52.85,1.06,0.00
52.9,1.06,0.00
52.95,1.06,0.00
53,1.06,0.00
53.05,1.06,0.00
53.1,1.05,0.00
53.15,1.05,0.00
53.2,1.05,0.00
53.25,1.04,0.00
53.3,1.04,0.00
53.35,1.04,0.00
53.4,1.04,0.00
53.45,1.04,0.00
53.5,1.04,0.00
53.55,1.04,0.00
53.6,1.03,0.00
53.65,1.03,0.00
53.7,1.03,0.00
53.75,1.03,0.00
53.8,1.02,0.00
53.85,1.02,0.00
53.9,1.02,0.00
53.95,1.02,0.00
54,1.01,0.00
54.05,1.01,0.00
54.1,1.01,0.00
54.15,1.01,0.00
54.2,1.01,0.00
54.25,1.01,0.00
54.3,1.00,0.00
54.35,1.00,0.00
54.4,1.00,0.00
54.45,1.00,0.00
54.5,1.00,0.00
54.55,1.00,0.00
54.6,1.00,0.00
54.65,0.99,0.00
54.7,0.99,0.00
54.75,0.99,0.00
54.8,0.99,0.00
54.85,0.99,0.00
54.9,0.98,0.00
54.95,0.98,0.00
55,0.98,0.00
55.05,0.98,0.00
55.1,0.98,0.00
55.15,0.98,0.00
55.2,0.98,0.00
55.25,0.98,0.00
55.3,0.98,0.00
55.35,0.98,0.00
55.4,0.98,0.00
55.45,0.98,0.00
55.5,0.97,0.00
55.55,0.97,0.00
55.6,0.97,0.00
55.65,0.97,0.00
55.7,0.97,0.00
55.75,0.97,0.00
55.8,0.97,0.00
55.85,0.97,0.00
55.9,0.96,0.00
55.95,0.96,0.00
56,0.96,0.00
56.05,0.96,0.00
56.1,0.96,0.00
56.15,0.96,0.00
56.2,0.95,0.00
56.25,0.95,0.00
56.3,0.95,0.00
56.35,0.95,0.00
56.4,0.95,0.00
56.45,0.95,0.00
56.5,0.95,0.00
56.55,0.95,0.00
56.6,0.94,0.00
56.65,0.94,0.00
56.7,0.94,0.00
56.75,0.94,0.00
56.8,0.94,0.00
56.85,0.94,0.00
56.9,0.93,0.00
56.95,0.93,0.00
57,0.93,0.00
57.05,0.93,0.00
57.1,0.93,0.00
57.15,0.93,0.00
57.2,0.92,0.00
57.25,0.92,0.00
57.3,0.92,0.00
57.35,0.92,0.00
57.4,0.91,0.00
57.45,0.91,0.00
57.5,0.91,0.00
57.55,0.91,0.00
57.6,0.91,0.00
57.65,0.91,0.00
57.7,0.91,0.00
57.75,0.91,0.00
57.8,0.91,0.00
57.85,0.91,0.00
57.9,0.91,0.00
57.95,0.91,0.00
58,0.90,0.00
58.05,0.90,0.00
58.1,0.90,0.00
58.15,0.90,0.00
58.2,0.90,0.00
58.25,0.89,0.00
58.3,0.89,0.00
58.35,0.89,0.00
58.4,0.89,0.00
58.45,0.89,0.00
58.5,0.89,0.00
58.55,0.89,0.00
58.6,0.89,0.00
58.65,0.89,0.00
58.7,0.89,0.00
58.75,0.88,0.00
58.8,0.88,0.00
58.85,0.88,0.00
58.9,0.88,0.00
58.95,0.88,0.00
59,0.88,0.00
59.05,0.88,0.00
59.1,0.88,0.00
59.15,0.88,0.00
59.2,0.87,0.00
59.25,0.87,0.00
59.3,0.87,0.00
59.35,0.87,0.00
59.4,0.87,0.00
59.45,0.86,0.00
59.5,0.86,0.00
59.55,0.86,0.00
59.6,0.86,0.00
59.65,0.86,0.00
59.7,0.86,0.00
59.75,0.86,0.00
59.8,0.86,0.00
59.85,0.86,0.00
59.9,0.86,0.00
59.95,0.86,0.00
60,0.86,0.00
60.05,0.86,0.00
60.1,0.86,0.00
60.15,0.85,0.00
60.2,0.85,0.00
60.25,0.85,0.00
60.3,0.85,0.00
60.35,0.85,0.00
60.4,0.84,0.00
60.45,0.84,0.00
60.5,0.84,0.00
60.55,0.84,0.00
60.6,0.84,0.00
60.65,0.83,0.00
60.7,0.82,0.00
60.75,0.81,0.00
60.8,0.80,0.00
60.85,0.81,0.00
60.9,0.82,0.00
60.95,0.83,0.00
61,0.83,0.00
61.05,0.83,0.00
61.1,0.84,0.00
61.15,0.85,0.00
61.2,0.85,0.00
61.25,0.85,0.00
61.3,0.84,0.00
61.35,0.83,0.00
61.4,0.82,0.00
61.45,0.81,0.00
61.5,0.79,0.00
61.55,0.78,0.00
61.6,0.78,0.00
61.65,0.79,0.00
61.7,0.80,0.00
61.75,0.81,0.00
61.8,0.82,0.00
61.85,0.82,0.00
61.9,0.82,0.00
61.95,0.83,0.00
62,0.83,0.00
62.05,0.83,0.00
62.1,0.82,0.00
62.15,0.81,0.00
62.2,0.80,0.00
62.25,0.79,0.00
62.3,0.78,0.00
62.35,0.78,0.00
62.4,0.78,0.00
62.45,0.79,0.00
62.5,0.80,0.00
62.55,0.81,0.00
62.6,0.80,0.00
62.65,0.80,0.00
62.7,0.81,0.00
62.75,0.81,0.00
62.8,0.81,0.00
62.85,0.81,0.00
62.9,0.80,0.00
62.95,0.77,0.00
63,0.76,0.00
63.05,0.76,0.00
63.1,0.76,0.00
63.15,0.77,0.00
63.2,0.78,0.00
63.25,0.79,0.00
63.3,0.78,0.00
63.35,0.79,0.00
63.4,0.79,0.00
63.45,0.79,0.00
63.5,0.79,0.00
63.55,0.78,0.00
63.6,0.77,0.00
63.65,0.75,0.00
63.7,0.75,0.00
63.75,0.74,0.00
63.8,0.74,0.00
63.85,0.75,0.00
63.9,0.76,0.00
63.95,0.77,0.00
64,0.78,0.00
64.05,0.77,0.00
64.1,0.77,0.00
64.15,0.78,0.00
64.2,0.78,0.00
64.25,0.77,0.00
64.3,0.76,0.00
64.35,0.76,0.00
64.4,0.74,0.00
64.45,0.73,0.00
64.5,0.73,0.00
64.55,0.73,0.00
64.6,0.74,0.00
64.65,0.75,0.00
64.7,0.76,0.00
64.75,0.76,0.00
64.8,0.76,0.00
64.85,0.77,0.00
64.9,0.78,0.00
64.95,0.77,0.00
65,0.77,0.00
65.05,0.76,0.00
65.1,0.75,0.00
65.15,0.73,0.00
65.2,0.72,0.00
65.25,0.72,0.00
65.3,0.72,0.00
65.35,0.72,0.00
65.4,0.73,0.00
65.45,0.74,0.00
65.5,0.74,0.00
65.55,0.74,0.00
65.6,0.76,0.00
65.65,0.75,0.00
65.7,0.75,0.00
65.75,0.75,0.00
65.8,0.74,0.00
65.85,0.72,0.00
65.9,0.71,0.00
65.95,0.70,0.00
66,0.69,0.00
66.05,0.70,0.00
66.1,0.70,0.00
66.15,0.72,0.00
66.2,0.73,0.00
66.25,0.73,0.00
66.3,0.73,0.00
66.35,0.73,0.00
66.4,0.72,0.00
66.45,0.72,0.00
66.5,0.71,0.00
66.55,0.71,0.00
66.6,0.70,0.00
66.65,0.69,0.00
66.7,0.68,0.00
66.75,0.68,0.00
66.8,0.69,0.00
66.85,0.69,0.00
66.9,0.71,0.00
66.95,0.71,0.00
67,0.71,0.00
67.05,0.71,0.00
67.1,0.73,0.00
67.15,0.72,0.00
67.2,0.72,0.00
67.25,0.72,0.00
67.3,0.71,0.00
67.35,0.70,0.00
67.4,0.69,0.00
67.45,0.69,0.00
67.5,0.69,0.00
67.55,0.69,0.00
67.6,0.69,0.00
67.65,0.70,0.00
67.7,0.70,0.00
67.75,0.69,0.00
67.8,0.70,0.00
67.85,0.70,0.00
67.9,0.69,0.00
67.95,0.69,0.00
68,0.68,0.00
68.05,0.67,0.00
68.1,0.66,0.00
68.15,0.65,0.00
68.2,0.65,0.00
68.25,0.65,0.00
68.3,0.66,0.00
68.35,0.67,0.00
68.4,0.68,0.00
68.45,0.68,0.00
68.5,0.67,0.00
68.55,0.68,0.00
68.6,0.68,0.00
68.65,0.68,0.00
68.7,0.68,0.00
68.75,0.67,0.00
68.8,0.66,0.00
68.85,0.64,0.00
68.9,0.64,0.00
68.95,0.65,0.00
69,0.65,0.00
69.05,0.66,0.00
69.1,0.66,0.00
69.15,0.66,0.00
69.2,0.66,0.00
69.25,0.65,0.00
69.3,0.65,0.00
69.35,0.64,0.00
69.4,0.64,0.00
69.45,0.64,0.00
69.5,0.63,0.00
69.55,0.63,0.00
69.6,0.63,0.00
69.65,0.63,0.00
69.7,0.64,0.00
69.75,0.65,0.00
69.8,0.65,0.00
69.85,0.65,0.00
69.9,0.64,0.00
69.95,0.64,0.00
70,0.65,0.00
70.05,0.65,0.00
70.1,0.64,0.00
70.15,0.64,0.00
70.2,0.63,0.00
70.25,0.61,0.00
70.3,0.60,0.00
70.35,0.60,0.00
70.4,0.61,0.00
70.45,0.61,0.00
70.5,0.62,0.00
70.55,0.63,0.00
70.6,0.63,0.00
70.65,0.63,0.00
70.7,0.63,0.00
70.75,0.64,0.00
70.8,0.64,0.00
70.85,0.63,0.00
70.9,0.62,0.00
70.95,0.62,0.00
71,0.60,0.00
71.05,0.59,0.00
71.1,0.59,0.00
71.15,0.60,0.00
71.2,0.61,0.00
71.25,0.62,0.00
71.3,0.62,0.00
71.35,0.62,0.00
71.4,0.61,0.00
71.45,0.62,0.00
71.5,0.62,0.00
71.55,0.62,0.00
71.6,0.62,0.00
71.65,0.61,0.00
71.7,0.60,0.00
71.75,0.60,0.00
71.8,0.60,0.00
71.85,0.60,0.00
71.9,0.60,0.00
71.95,0.62,0.00
72,0.62,0.00
72.05,0.62,0.00
72.1,0.61,0.00
72.15,0.61,0.00
72.2,0.61,0.00
72.25,0.62,0.00
72.3,0.62,0.00
72.35,0.61,0.00
72.4,0.60,0.00
72.45,0.58,0.00
72.5,0.57,0.00
72.55,0.57,0.00
72.6,0.58,0.00
72.65,0.58,0.00
72.7,0.59,0.00
72.75,0.60,0.00
72.8,0.60,0.00
72.85,0.60,0.00
72.9,0.59,0.00
72.95,0.60,0.00
73,0.60,0.00
73.05,0.59,0.00
73.1,0.58,0.00
73.15,0.57,0.00
73.2,0.56,0.00
73.25,0.56,0.00
73.3,0.56,0.00
73.35,0.58,0.00
73.4,0.59,0.00
73.45,0.60,0.00
73.5,0.59,0.00
73.55,0.59,0.00
73.6,0.59,0.00
73.65,0.59,0.00
73.7,0.59,0.00
73.75,0.58,0.00
73.8,0.58,0.00
73.85,0.57,0.00
73.9,0.55,0.00
73.95,0.55,0.00
74,0.55,0.00
74.05,0.55,0.00
74.1,0.56,0.00
74.15,0.57,0.00
74.2,0.58,0.00
74.25,0.58,0.00
74.3,0.57,0.00
74.35,0.57,0.00
74.4,0.58,0.00
74.45,0.57,0.00
74.5,0.57,0.00
74.55,0.56,0.00
74.6,0.55,0.00
74.65,0.55,0.00
74.7,0.55,0.00
74.75,0.56,0.00
74.8,0.57,0.00
74.85,0.58,0.00
74.9,0.57,0.00
74.95,0.57,0.00
75,0.56,0.00
75.05,0.56,0.00
75.1,0.56,0.00
75.15,0.55,0.00
75.2,0.55,0.00
75.25,0.54,0.00
75.3,0.54,0.00
75.35,0.53,0.00
75.4,0.53,0.00
75.45,0.53,0.00
75.5,0.54,0.00
75.55,0.55,0.00
75.6,0.56,0.00
75.65,0.56,0.00
75.7,0.55,0.00
75.75,0.55,0.00
75.8,0.54,0.00
75.85,0.54,0.00
75.9,0.53,0.00
75.95,0.52,0.00
76,0.51,0.00
76.05,0.51,0.00
76.1,0.52,0.00
76.15,0.52,0.00
76.2,0.53,0.00
76.25,0.54,0.00
76.3,0.55,0.00
76.35,0.55,0.00
76.4,0.54,0.00
76.45,0.54,0.00
76.5,0.53,0.00
76.55,0.53,0.00
76.6,0.53,0.00
76.65,0.52,0.00
76.7,0.52,0.00
76.75,0.53,0.00
76.8,0.53,0.00
76.85,0.53,0.00
76.9,0.54,0.00
76.95,0.54,0.00
77,0.54,0.00
77.05,0.53,0.00
77.1,0.52,0.00
77.15,0.52,0.00
77.2,0.51,0.00
77.25,0.51,0.00
77.3,0.50,0.00
77.35,0.50,0.00
77.4,0.51,0.00
77.45,0.51,0.00
77.5,0.52,0.00
77.55,0.53,0.00
77.6,0.53,0.00
77.65,0.52,0.00
77.7,0.52,0.00
77.75,0.51,0.00
77.8,0.51,0.00
77.85,0.51,0.00
77.9,0.50,0.00
77.95,0.49,0.00
78,0.49,0.00
78.05,0.50,0.00
78.1,0.50,0.00
78.15,0.50,0.00
78.2,0.51,0.00
78.25,0.52,0.00
78.3,0.52,0.00
78.35,0.52,0.00
78.4,0.52,0.00
78.45,0.51,0.00
78.5,0.51,0.00
78.55,0.51,0.00
78.6,0.50,0.00
78.65,0.49,0.00
78.7,0.49,0.00
78.75,0.49,0.00
78.8,0.50,0.00
78.85,0.51,0.00
78.9,0.52,0.00
78.95,0.52,0.00
79,0.52,0.00
79.05,0.52,0.00
79.1,0.51,0.00
79.15,0.50,0.00
79.2,0.50,0.00
79.25,0.50,0.00
79.3,0.50,0.00
79.35,0.49,0.00
79.4,0.48,0.00
79.45,0.49,0.00
79.5,0.49,0.00
79.55,0.50,0.00
79.6,0.51,0.00
79.65,0.52,0.00
79.7,0.51,0.00
79.75,0.50,0.00
79.8,0.50,0.00
79.85,0.49,0.00
79.9,0.49,0.00
79.95,0.49,0.00
80,0.48,0.00
80.05,0.48,0.00
80.1,0.48,0.00
80.15,0.48,0.00
80.2,0.48,0.00
80.25,0.49,0.00
80.3,0.50,0.00
80.35,0.50,0.00
80.4,0.50,0.00
80.45,0.50,0.00
80.5,0.49,0.00