Time (s),PWM,Pressure,PWM/10
0.05,60.00,0.08,6
0.1,60.00,0.08,6
0.15,60.00,0.08,6
0.2,60.00,0.08,6
0.25,60.00,0.08,6
0.3,60.00,0.08,6
0.35,60.00,0.08,6
0.4,60.00,0.08,6
0.45,60.00,0.08,6
0.5,60.00,0.09,6
0.55,60.00,0.09,6
0.6,60.00,0.09,6
0.65,60.00,0.09,6
0.7,60.00,0.09,6
0.75,60.00,0.08,6
0.8,60.00,0.09,6
0.85,60.00,0.09,6
0.9,60.00,0.09,6
0.95,60.00,0.09,6
1,60.00,0.09,6
1.05,60.00,0.09,6
1.1,60.00,0.10,6
1.15,60.00,0.11,6
1.2,60.00,0.13,6
1.25,60.00,0.18,6
1.3,60.00,0.21,6
1.35,60.00,0.26,6
1.4,60.00,0.32,6
1.45,60.00,0.38,6
1.5,60.00,0.45,6
1.55,60.00,0.54,6
1.6,60.00,0.62,6
1.65,60.00,0.70,6
1.7,60.00,0.81,6
1.75,60.00,0.91,6
1.8,60.00,1.00,6
1.85,60.00,1.10,6
1.9,60.00,1.19,6
1.95,60.00,1.27,6
2,60.00,1.33,6
2.05,60.00,1.37,6
2.1,60.00,1.40,6
2.15,60.00,1.42,6
2.2,60.00,1.44,6
2.25,60.00,1.46,6
2.3,60.00,1.46,6
2.35,60.00,1.49,6
2.4,60.00,1.51,6
2.45,60.00,1.54,6
2.5,60.00,1.58,6
2.55,60.00,1.62,6
2.6,60.00,1.68,6
2.65,60.00,1.73,6
2.7,60.00,1.77,6
2.75,60.00,1.84,6
2.8,60.00,1.90,6
2.85,60.00,1.97,6
2.9,60.00,2.05,6
2.95,60.00,2.15,6
3,60.00,2.24,6
3.05,60.00,2.34,6
3.1,60.00,2.44,6
3.15,60.00,2.55,6
3.2,60.00,2.66,6
3.25,60.00,2.78,6
3.3,60.00,2.89,6
3.35,60.00,3.02,6
3.4,60.00,3.14,6
3.45,60.00,3.27,6
3.5,60.00,3.41,6
3.55,60.00,3.56,6
3.6,60.00,3.72,6
3.65,60.00,3.90,6
3.7,60.00,4.06,6
3.75,60.00,4.22,6
3.8,60.00,4.39,6
3.85,60.00,4.68,6
3.9,60.00,4.87,6
3.95,60.00,5.08,6
4,60.00,5.30,6
4.05,60.00,5.51,6
4.1,60.00,5.72,6
4.15,60.00,5.94,6
4.2,60.00,6.19,6
4.25,60.00,6.43,6
4.3,60.00,6.67,6
4.35,60.00,6.93,6
4.4,60.00,7.18,6
4.45,60.00,7.41,6
4.5,60.00,7.66,6
4.55,60.00,7.89,6
4.6,60.00,8.13,6
4.65,60.00,8.35,6
4.7,60.00,8.57,6
4.75,60.00,8.79,6
4.8,60.00,9.02,6
4.85,60.00,9.24,6
4.9,60.00,9.48,6
4.95,60.00,9.70,6
5,60.00,9.91,6
5.05,60.00,10.24,6
5.1,60.00,10.45,6
5.15,60.00,10.67,6
5.2,60.00,10.89,6
5.25,60.00,11.09,6
5.3,60.00,11.31,6
5.35,60.00,11.53,6
5.4,60.00,11.75,6
5.45,60.00,11.96,6
5.5,60.00,12.17,6
5.55,60.00,12.38,6
5.6,60.00,12.56,6
5.65,60.00,12.73,6
5.7,0.00,14.82,0
5.75,0.00,14.94,0
5.8,0.00,15.00,0
5.85,0.00,15.00,0
5.9,0.00,15.00,0
5.95,0.00,15.00,0
6,0.00,15.00,0
6.05,0.00,15.00,0
6.1,0.00,15.00,0
6.15,0.00,15.00,0
6.2,0.00,15.00,0
6.25,0.00,15.00,0
6.3,0.00,15.00,0
6.35,0.00,14.98,0
6.4,0.00,14.94,0
6.45,0.00,14.89,0
6.5,0.00,14.83,0
6.55,0.00,14.75,0
6.6,0.00,14.69,0
6.65,0.00,14.63,0
6.7,0.00,14.54,0
6.75,0.00,14.46,0
6.8,0.00,14.41,0
6.85,0.00,14.35,0
6.9,0.00,14.29,0
6.95,0.00,14.24,0
7,0.00,14.20,0
7.05,0.00,14.14,0
7.1,0.00,14.09,0
7.15,0.00,14.03,0
7.2,0.00,13.97,0
7.25,0.00,13.91,0
7.3,0.00,13.87,0
7.35,0.00,13.82,0
7.4,0.00,13.74,0
7.45,0.00,13.69,0
7.5,0.00,13.64,0
7.55,0.00,13.59,0
7.6,0.00,13.54,0
7.65,0.00,13.50,0
7.7,0.00,13.44,0
7.75,0.00,13.39,0
7.8,0.00,13.35,0
7.85,0.00,13.30,0
7.9,0.00,13.25,0
7.95,0.00,13.21,0
8,0.00,13.14,0
8.05,0.00,13.08,0
8.1,0.00,13.03,0
8.15,0.00,12.99,0
8.2,0.00,12.95,0
8.25,0.00,12.90,0
8.3,0.00,12.88,0
8.35,0.00,12.84,0
8.4,0.00,12.79,0
8.45,0.00,12.74,0
8.5,0.00,12.70,0
8.55,0.00,12.65,0
8.6,0.00,12.60,0
8.65,0.00,12.56,0
8.7,0.00,12.50,0
8.75,0.00,12.44,0
8.8,0.00,12.40,0
8.85,0.00,12.36,0
8.9,0.00,12.33,0
8.95,0.00,12.29,0
9,0.00,12.27,0
9.05,0.00,12.23,0
9.1,0.00,12.19,0
9.15,0.00,12.14,0
9.2,0.00,12.10,0
9.25,0.00,12.05,0
9.3,0.00,12.00,0
9.35,0.00,11.96,0
9.4,0.00,11.93,0
9.45,0.00,11.86,0
9.5,0.00,11.83,0
9.55,0.00,11.79,0
9.6,0.00,11.76,0
9.65,0.00,11.72,0
9.7,0.00,11.69,0
9.75,0.00,11.66,0
9.8,0.00,11.62,0
9.85,0.00,11.58,0
9.9,0.00,11.53,0
9.95,0.00,11.49,0
10,0.00,11.44,0
10.05,0.00,11.41,0
10.1,0.00,11.38,0
10.15,0.00,11.32,0
10.2,0.00,11.28,0
10.25,0.00,11.25,0
10.3,0.00,11.21,0
10.35,0.00,11.18,0
10.4,0.00,11.15,0
10.45,0.00,11.12,0
10.5,0.00,11.08,0
10.55,0.00,11.04,0
10.6,0.00,11.00,0
10.65,0.00,10.96,0
10.7,0.00,10.92,0
10.75,0.00,10.88,0
10.8,0.00,10.83,0
10.85,0.00,10.78,0
10.9,0.00,10.75,0
10.95,0.00,10.71,0
11,0.00,10.68,0
11.05,0.00,10.65,0
11.1,0.00,10.64,0
11.15,0.00,10.61,0
11.2,0.00,10.57,0
11.25,0.00,10.53,0
11.3,0.00,10.49,0
11.35,0.00,10.45,0
11.4,0.00,10.41,0
11.45,0.00,10.38,0
11.5,0.00,10.33,0
11.55,0.00,10.28,0
11.6,0.00,10.24,0
11.65,0.00,10.21,0
11.7,0.00,10.18,0
11.75,0.00,10.15,0
11.8,0.00,10.14,0
11.85,70.00,9.57,7
11.9,70.00,9.49,7
11.95,70.00,9.55,7
12,70.00,9.75,7
12.05,70.00,10.05,7
12.1,70.00,10.53,7
12.15,70.00,11.10,7
12.2,70.00,11.62,7
12.25,70.00,12.11,7
12.3,70.00,12.62,7
12.35,0.00,13.04,0
12.4,0.00,13.49,0
12.45,0.00,14.00,0
12.5,0.00,14.21,0
12.55,0.00,14.33,0
12.6,0.00,14.32,0
12.65,0.00,14.25,0
12.7,0.00,14.18,0
12.75,0.00,14.12,0
12.8,0.00,14.05,0
12.85,0.00,13.98,0
12.9,0.00,13.91,0
12.95,0.00,13.85,0
13,0.00,13.78,0
13.05,0.00,13.73,0
13.1,0.00,13.64,0
13.15,0.00,13.57,0
13.2,0.00,13.51,0
13.25,0.00,13.46,0
13.3,0.00,13.41,0
13.35,0.00,13.36,0
13.4,0.00,13.32,0
13.45,0.00,13.28,0
13.5,0.00,13.22,0
13.55,0.00,13.17,0
13.6,0.00,13.11,0
13.65,0.00,13.06,0
13.7,0.00,13.00,0
13.75,0.00,12.94,0
13.8,0.00,12.90,0
13.85,0.00,12.82,0
13.9,0.00,12.76,0
13.95,0.00,12.70,0
14,0.00,12.65,0
14.05,0.00,12.61,0
14.1,50.00,11.84,5
14.15,50.00,11.72,5
14.2,50.00,11.66,5
14.25,50.00,11.66,5
14.3,50.00,11.72,5
14.35,50.00,11.85,5
14.4,50.00,12.01,5
14.45,50.00,12.17,5
14.5,50.00,12.31,5
14.55,50.00,12.44,5
14.6,50.00,12.57,5
14.65,50.00,12.69,5
14.7,50.00,12.81,5
14.75,50.00,12.94,5
14.8,0.00,13.12,0
14.85,0.00,13.22,0
14.9,0.00,13.30,0
14.95,0.00,13.34,0
15,0.00,13.35,0
15.05,0.00,13.32,0
15.1,0.00,13.27,0
15.15,0.00,13.20,0
15.2,0.00,13.13,0
15.25,0.00,13.07,0
15.3,0.00,13.01,0
15.35,0.00,12.95,0
15.4,0.00,12.89,0
15.45,0.00,12.80,0
15.5,0.00,12.75,0
15.55,0.00,12.69,0
15.6,0.00,12.64,0
15.65,0.00,12.59,0
15.7,0.00,12.54,0
15.75,0.00,12.49,0
15.8,0.00,12.44,0
15.85,0.00,12.38,0
15.9,0.00,12.33,0
15.95,0.00,12.27,0
16,0.00,12.22,0
16.05,0.00,12.17,0
16.1,0.00,12.10,0
16.15,0.00,12.04,0
16.2,0.00,11.99,0
16.25,0.00,11.95,0
16.3,0.00,11.90,0
16.35,0.00,11.86,0
16.4,0.00,11.83,0
16.45,0.00,11.79,0
16.5,0.00,11.74,0
16.55,0.00,11.69,0
16.6,0.00,11.64,0
16.65,0.00,11.59,0
16.7,0.00,11.54,0
16.75,0.00,11.49,0
16.8,0.00,11.45,0
16.85,0.00,11.38,0
16.9,0.00,11.32,0
16.95,0.00,11.28,0
17,0.00,11.24,0
17.05,0.00,11.20,0
17.1,0.00,11.16,0
17.15,0.00,11.13,0
17.2,0.00,11.08,0
17.25,0.00,11.04,0
17.3,0.00,10.99,0
17.35,0.00,10.95,0
17.4,0.00,10.90,0
17.45,0.00,10.87,0
17.5,0.00,10.80,0
17.55,0.00,10.75,0
17.6,0.00,10.71,0
17.65,0.00,10.67,0
17.7,0.00,10.63,0
17.75,0.00,10.60,0
17.8,0.00,10.57,0
17.85,0.00,10.54,0
17.9,0.00,10.49,0
17.95,0.00,10.45,0
18,0.00,10.41,0
18.05,0.00,10.36,0
18.1,0.00,10.31,0
18.15,0.00,10.28,0
18.2,0.00,10.22,0
18.25,0.00,10.17,0
18.3,0.00,10.13,0
18.35,0.00,10.09,0
18.4,0.00,10.06,0
18.45,0.00,10.02,0
18.5,0.00,9.99,0
18.55,0.00,9.95,0
18.6,0.00,9.91,0
18.65,0.00,9.87,0
18.7,0.00,9.83,0
18.75,0.00,9.79,0
18.8,0.00,9.75,0
18.85,0.00,9.70,0
18.9,0.00,9.65,0
18.95,0.00,9.61,0
19,0.00,9.58,0
19.05,0.00,9.54,0
19.1,0.00,9.51,0
19.15,0.00,9.48,0
19.2,0.00,9.45,0
19.25,0.00,9.42,0
19.3,0.00,9.38,0
19.35,0.00,9.34,0
19.4,0.00,9.30,0
19.45,0.00,9.26,0
19.5,0.00,9.22,0
19.55,0.00,9.19,0
19.6,0.00,9.13,0
19.65,0.00,9.09,0
19.7,0.00,9.05,0
19.75,0.00,9.02,0
19.8,0.00,8.99,0
19.85,0.00,8.96,0
19.9,0.00,8.94,0
19.95,0.00,8.90,0
20,0.00,8.87,0
20.05,0.00,8.83,0
20.1,0.00,8.79,0
20.15,0.00,8.75,0
20.2,0.00,8.72,0
20.25,0.00,8.67,0
20.3,0.00,8.63,0
20.35,0.00,8.60,0
20.4,0.00,8.57,0
20.45,0.00,8.53,0
20.5,0.00,8.50,0
20.55,0.00,8.48,0
20.6,0.00,8.45,0
20.65,0.00,8.42,0
20.7,0.00,8.40,0
20.75,0.00,8.38,0
20.8,0.00,8.34,0
20.85,0.00,8.30,0
20.9,0.00,8.26,0
20.95,0.00,8.22,0
21,0.00,8.19,0
21.05,0.00,8.14,0
21.1,0.00,8.11,0
21.15,0.00,8.06,0
21.2,0.00,8.02,0
21.25,0.00,8.00,0
21.3,0.00,7.97,0
21.35,0.00,7.94,0
21.4,0.00,7.92,0
21.45,0.00,7.91,0
21.5,0.00,7.88,0
21.55,0.00,7.84,0
21.6,0.00,7.81,0
21.65,0.00,7.78,0
21.7,0.00,7.74,0
21.75,0.00,7.71,0
21.8,0.00,7.67,0
21.85,0.00,7.64,0
21.9,0.00,7.60,0
21.95,0.00,7.56,0
22,80.00,7.09,8
22.05,80.00,7.02,8
22.1,80.00,7.11,8
22.15,80.00,7.46,8
22.2,80.00,8.00,8
22.25,80.00,8.71,8
22.3,80.00,9.54,8
22.35,80.00,10.38,8
22.4,80.00,11.11,8
22.45,80.00,11.81,8
22.5,80.00,12.47,8
22.55,0.00,13.14,0
22.6,0.00,13.74,0
22.65,0.00,14.20,0
22.7,0.00,14.50,0
22.75,0.00,14.67,0
22.8,0.00,14.70,0
22.85,0.00,14.58,0
22.9,0.00,14.48,0
22.95,0.00,14.39,0
23,0.00,14.31,0
23.05,0.00,14.24,0
23.1,0.00,14.16,0
23.15,0.00,14.09,0
23.2,0.00,14.01,0
23.25,0.00,13.94,0
23.3,0.00,13.86,0
23.35,0.00,13.79,0
23.4,0.00,13.72,0
23.45,0.00,13.64,0
23.5,0.00,13.58,0
23.55,0.00,13.48,0
23.6,0.00,13.41,0
23.65,0.00,13.33,0
23.7,0.00,13.26,0
23.75,0.00,13.19,0
23.8,0.00,13.13,0
23.85,0.00,13.07,0
23.9,0.00,13.02,0
23.95,0.00,12.98,0
24,0.00,12.93,0
24.05,0.00,12.87,0
24.1,0.00,12.81,0
24.15,0.00,12.75,0
24.2,0.00,12.69,0
24.25,0.00,12.63,0
24.3,0.00,12.55,0
24.35,0.00,12.48,0
24.4,0.00,12.42,0
24.45,0.00,12.35,0
24.5,0.00,12.30,0
24.55,0.00,12.25,0
24.6,0.00,12.20,0
24.65,0.00,12.15,0
24.7,0.00,12.11,0
24.75,0.00,12.06,0
24.8,0.00,12.00,0
24.85,0.00,11.95,0
24.9,0.00,11.89,0
24.95,0.00,11.81,0
25,0.00,11.76,0
25.05,0.00,11.70,0
25.1,0.00,11.65,0
25.15,0.00,11.60,0
25.2,0.00,11.55,0
25.25,0.00,11.50,0
25.3,0.00,11.46,0
25.35,0.00,11.41,0
25.4,0.00,11.37,0
25.45,0.00,11.32,0
25.5,0.00,11.27,0
25.55,0.00,11.22,0
25.6,0.00,11.17,0
25.65,0.00,11.09,0
25.7,0.00,11.04,0
25.75,0.00,10.99,0
25.8,0.00,10.93,0
25.85,0.00,10.89,0
25.9,0.00,10.84,0
25.95,0.00,10.80,0
26,0.00,10.75,0
26.05,0.00,10.72,0
26.1,0.00,10.67,0
26.15,0.00,10.62,0
26.2,0.00,10.58,0
26.25,0.00,10.53,0
26.3,0.00,10.47,0
26.35,0.00,10.42,0
26.4,0.00,10.38,0
26.45,0.00,10.33,0
26.5,0.00,10.28,0
26.55,0.00,10.24,0
26.6,0.00,10.20,0
26.65,0.00,10.16,0
26.7,0.00,10.12,0
26.75,0.00,10.07,0
26.8,0.00,10.03,0
26.85,0.00,9.98,0
26.9,0.00,9.94,0
26.95,0.00,9.87,0
27,0.00,9.83,0
27.05,0.00,9.78,0
27.1,0.00,9.73,0
27.15,0.00,9.70,0
27.2,0.00,9.67,0
27.25,0.00,9.63,0
27.3,0.00,9.60,0
27.35,0.00,9.55,0
27.4,0.00,9.51,0
27.45,0.00,9.47,0
27.5,0.00,9.43,0
27.55,0.00,9.37,0
27.6,0.00,9.33,0
27.65,0.00,9.29,0
27.7,0.00,9.24,0
27.75,0.00,9.19,0
27.8,0.00,9.15,0
27.85,0.00,9.11,0
27.9,0.00,9.07,0
27.95,0.00,9.04,0
28,0.00,9.01,0
28.05,0.00,8.99,0
28.1,0.00,8.95,0
28.15,0.00,8.91,0
28.2,0.00,8.87,0
28.25,0.00,8.82,0
28.3,0.00,8.78,0
28.35,0.00,8.74,0
28.4,0.00,8.69,0
28.45,0.00,8.65,0
28.5,0.00,8.62,0
28.55,0.00,8.59,0
28.6,0.00,8.55,0
28.65,0.00,8.53,0
28.7,0.00,8.49,0
28.75,0.00,8.45,0
28.8,0.00,8.42,0
28.85,0.00,8.38,0
28.9,0.00,8.34,0
28.95,0.00,8.30,0
29,0.00,8.26,0
29.05,0.00,8.22,0
29.1,0.00,8.18,0
29.15,0.00,8.14,0
29.2,0.00,8.11,0
29.25,0.00,8.08,0
29.3,0.00,8.05,0
29.35,0.00,8.03,0
29.4,0.00,8.00,0
29.45,0.00,7.96,0
29.5,0.00,7.93,0
29.55,0.00,7.89,0
29.6,0.00,7.85,0
29.65,0.00,7.81,0
29.7,0.00,7.78,0
29.75,0.00,7.74,0
29.8,0.00,7.69,0
29.85,0.00,7.66,0
29.9,0.00,7.63,0
29.95,0.00,7.61,0
30,0.00,7.58,0
30.05,0.00,7.56,0
30.1,0.00,7.53,0
30.15,0.00,7.50,0
30.2,0.00,7.47,0
30.25,0.00,7.43,0
30.3,0.00,7.40,0
30.35,0.00,7.36,0
30.4,0.00,7.33,0
30.45,0.00,7.30,0
30.5,0.00,7.26,0
30.55,0.00,7.22,0
30.6,0.00,7.19,0
30.65,0.00,7.17,0
30.7,0.00,7.14,0
30.75,0.00,7.12,0
30.8,0.00,7.11,0
30.85,0.00,7.08,0
30.9,0.00,7.05,0
30.95,0.00,7.02,0
31,0.00,6.99,0
31.05,0.00,6.95,0
31.1,0.00,6.92,0
31.15,0.00,6.89,0
31.2,0.00,6.85,0
31.25,0.00,6.81,0
31.3,0.00,6.79,0
31.35,0.00,6.76,0
31.4,0.00,6.74,0
31.45,0.00,6.72,0
31.5,0.00,6.70,0
31.55,0.00,6.67,0
31.6,0.00,6.64,0
31.65,0.00,6.61,0
31.7,0.00,6.58,0
31.75,0.00,6.56,0
31.8,0.00,6.53,0
31.85,0.00,6.50,0
31.9,0.00,6.47,0
31.95,0.00,6.45,0
32,0.00,6.42,0
32.05,0.00,6.40,0
32.1,0.00,6.38,0
32.15,0.00,6.35,0
32.2,0.00,6.33,0
32.25,0.00,6.30,0
32.3,0.00,6.28,0
32.35,0.00,6.24,0
32.4,0.00,6.22,0
32.45,0.00,6.19,0
32.5,0.00,6.17,0
32.55,0.00,6.13,0
32.6,0.00,6.10,0
32.65,0.00,6.07,0
32.7,0.00,6.05,0
32.75,0.00,6.03,0
32.8,0.00,6.02,0
32.85,0.00,6.00,0
32.9,0.00,5.98,0
32.95,0.00,5.95,0
33,0.00,5.92,0
33.05,0.00,5.90,0
33.1,0.00,5.88,0
33.15,0.00,5.85,0
33.2,0.00,5.82,0
33.25,0.00,5.79,0
33.3,0.00,5.77,0
33.35,0.00,5.74,0
33.4,0.00,5.72,0
33.45,0.00,5.70,0
33.5,0.00,5.69,0
33.55,0.00,5.67,0
33.6,0.00,5.65,0
33.65,0.00,5.63,0
33.7,0.00,5.61,0
33.75,0.00,5.58,0
33.8,0.00,5.56,0
33.85,0.00,5.54,0
33.9,0.00,5.51,0
33.95,0.00,5.48,0
34,0.00,5.46,0
34.05,0.00,5.43,0
34.1,0.00,5.41,0
34.15,0.00,5.39,0
34.2,0.00,5.37,0
34.25,0.00,5.35,0
34.3,0.00,5.35,0
34.35,0.00,5.32,0
34.4,0.00,5.30,0
34.45,0.00,5.28,0
34.5,0.00,5.24,0
34.55,0.00,5.22,0
34.6,0.00,5.20,0
34.65,0.00,5.17,0
34.7,0.00,5.15,0
34.75,0.00,5.12,0
34.8,0.00,5.10,0
34.85,0.00,5.08,0
34.9,0.00,5.06,0
34.95,0.00,5.05,0
35,0.00,5.04,0
35.05,0.00,5.04,0
35.1,0.00,5.02,0
35.15,0.00,4.99,0
35.2,0.00,4.97,0
35.25,0.00,4.94,0
35.3,0.00,4.92,0
35.35,0.00,4.90,0
35.4,0.00,4.88,0
35.45,0.00,4.86,0
35.5,0.00,4.84,0
35.55,0.00,4.82,0
35.6,0.00,4.81,0
35.65,0.00,4.80,0
35.7,0.00,4.78,0
35.75,0.00,4.77,0
35.8,0.00,4.75,0
35.85,0.00,4.73,0
35.9,0.00,4.71,0
35.95,0.00,4.70,0
36,0.00,4.68,0
36.05,0.00,4.66,0
36.1,0.00,4.64,0
36.15,0.00,4.62,0
36.2,0.00,4.58,0
36.25,0.00,4.56,0
36.3,60.00,4.30,6
36.35,60.00,4.26,6
36.4,60.00,4.32,6
36.45,60.00,4.49,6
36.5,60.00,4.77,6
36.55,60.00,5.14,6
36.6,60.00,5.60,6
36.65,60.00,6.02,6
36.7,60.00,6.44,6
36.75,60.00,6.86,6
36.8,60.00,7.24,6
36.85,60.00,7.84,6
36.9,60.00,8.25,6
36.95,60.00,8.61,6
37,60.00,8.98,6
37.05,60.00,9.34,6
37.1,60.00,9.68,6
37.15,60.00,9.99,6
37.2,60.00,10.31,6
37.25,60.00,10.59,6
37.3,60.00,10.87,6
37.35,60.00,11.14,6
37.4,60.00,11.40,6
37.45,60.00,11.66,6
37.5,60.00,11.90,6
37.55,60.00,12.13,6
37.6,60.00,12.36,6
37.65,60.00,12.59,6
37.7,60.00,12.91,6
37.75,0.00,13.11,0
37.8,0.00,13.30,0
37.85,0.00,13.42,0
37.9,0.00,13.49,0
37.95,0.00,13.49,0
38,0.00,13.45,0
38.05,0.00,13.35,0
38.1,0.00,13.27,0
38.15,0.00,13.18,0
38.2,0.00,13.10,0
38.25,0.00,13.01,0
38.3,0.00,12.93,0
38.35,0.00,12.81,0
38.4,0.00,12.73,0
38.45,0.00,12.65,0
38.5,0.00,12.56,0
38.55,0.00,12.48,0
38.6,0.00,12.40,0
38.65,0.00,12.32,0
38.7,0.00,12.25,0
38.75,0.00,12.19,0
38.8,0.00,12.14,0
38.85,0.00,12.07,0
38.9,0.00,12.01,0
38.95,0.00,11.94,0
39,0.00,11.88,0
39.05,0.00,11.78,0
39.1,0.00,11.72,0
39.15,0.00,11.65,0
39.2,0.00,11.59,0
39.25,0.00,11.52,0
39.3,0.00,11.45,0
39.35,0.00,11.39,0
39.4,0.00,11.33,0
39.45,0.00,11.28,0
39.5,0.00,11.22,0
39.55,0.00,11.17,0
39.6,0.00,11.11,0
39.65,0.00,11.05,0
39.7,0.00,10.97,0
39.75,0.00,10.91,0
39.8,0.00,10.85,0
39.85,0.00,10.79,0
39.9,0.00,10.73,0
39.95,0.00,10.67,0
40,0.00,10.62,0
40.05,0.00,10.57,0
40.1,0.00,10.52,0
40.15,0.00,10.47,0
40.2,0.00,10.42,0
40.25,0.00,10.36,0
40.3,0.00,10.30,0
40.35,0.00,10.22,0
40.4,0.00,10.17,0
40.45,0.00,10.11,0
40.5,0.00,10.06,0
40.55,0.00,10.01,0
40.6,0.00,9.95,0
40.65,0.00,9.89,0
40.7,0.00,9.85,0
40.75,0.00,9.80,0
40.8,0.00,9.76,0
40.85,0.00,9.72,0
40.9,0.00,9.68,0
40.95,0.00,9.63,0
41,0.00,9.58,0
41.05,0.00,9.52,0
41.1,0.00,9.47,0
41.15,0.00,9.42,0
41.2,0.00,9.37,0
41.25,0.00,9.32,0
41.3,0.00,9.27,0
41.35,0.00,9.23,0
41.4,0.00,9.19,0
41.45,0.00,9.15,0
41.5,0.00,9.10,0
41.55,0.00,9.05,0
41.6,0.00,9.01,0
41.65,0.00,8.95,0
41.7,0.00,8.90,0
41.75,0.00,8.86,0
41.8,0.00,8.81,0
41.85,0.00,8.76,0
41.9,0.00,8.70,0
41.95,0.00,8.65,0
42,0.00,8.61,0
42.05,0.00,8.57,0
42.1,0.00,8.54,0
42.15,0.00,8.51,0
42.2,0.00,8.48,0
42.25,0.00,8.44,0
42.3,0.00,8.39,0
42.35,0.00,8.34,0
42.4,0.00,8.30,0
42.45,0.00,8.26,0
42.5,0.00,8.22,0
42.55,0.00,8.17,0
42.6,0.00,8.12,0
42.65,0.00,8.08,0
42.7,0.00,8.05,0
42.75,0.00,8.01,0
42.8,0.00,7.98,0
42.85,0.00,7.95,0
42.9,0.00,7.91,0
42.95,0.00,7.88,0
43,0.00,7.82,0
43.05,0.00,7.79,0
43.1,0.00,7.75,0
43.15,0.00,7.71,0
43.2,0.00,7.67,0
43.25,0.00,7.62,0
43.3,0.00,7.59,0
43.35,0.00,7.55,0
43.4,0.00,7.52,0
43.45,0.00,7.49,0
43.5,0.00,7.47,0
43.55,0.00,7.43,0
43.6,0.00,7.40,0
43.65,0.00,7.35,0
43.7,0.00,7.32,0
43.75,0.00,7.28,0
43.8,0.00,7.24,0
43.85,0.00,7.20,0
43.9,0.00,7.16,0
43.95,0.00,7.13,0
44,0.00,7.10,0
44.05,0.00,7.07,0
44.1,0.00,7.04,0
44.15,0.00,7.02,0
44.2,0.00,6.98,0
44.25,0.00,6.95,0
44.3,0.00,6.91,0
44.35,0.00,6.88,0
44.4,0.00,6.85,0
44.45,0.00,6.81,0
44.5,0.00,6.78,0
44.55,0.00,6.73,0
44.6,0.00,6.70,0
44.65,0.00,6.67,0
44.7,0.00,6.64,0
44.75,0.00,6.62,0
44.8,0.00,6.60,0
44.85,0.00,6.58,0
44.9,0.00,6.55,0
44.95,0.00,6.51,0
45,0.00,6.49,0
45.05,0.00,6.46,0
45.1,0.00,6.43,0
45.15,0.00,6.39,0
45.2,0.00,6.36,0
45.25,0.00,6.32,0
45.3,0.00,6.29,0
45.35,0.00,6.27,0
45.4,0.00,6.24,0
45.45,0.00,6.22,0
45.5,0.00,6.20,0
45.55,0.00,6.17,0
45.6,0.00,6.14,0
45.65,0.00,6.11,0
45.7,0.00,6.08,0
45.75,0.00,6.05,0
45.8,0.00,6.02,0
45.85,0.00,5.99,0
45.9,0.00,5.95,0
45.95,0.00,5.92,0
46,0.00,5.88,0
46.05,0.00,5.86,0
46.1,0.00,5.84,0
46.15,0.00,5.83,0
46.2,0.00,5.81,0
46.25,0.00,5.80,0
46.3,0.00,5.77,0
46.35,0.00,5.74,0
46.4,0.00,5.72,0
46.45,0.00,5.69,0
46.5,0.00,5.67,0
46.55,0.00,5.64,0
46.6,0.00,5.61,0
46.65,0.00,5.57,0
46.7,0.00,5.54,0
46.75,0.00,5.50,0
46.8,0.00,5.48,0
46.85,0.00,5.47,0
46.9,0.00,5.45,0
46.95,0.00,5.44,0
47,0.00,5.43,0
47.05,0.00,5.40,0
47.1,0.00,5.37,0
47.15,0.00,5.36,0
47.2,0.00,5.33,0
47.25,0.00,5.31,0
47.3,0.00,5.29,0
47.35,0.00,5.25,0
47.4,0.00,5.22,0
47.45,0.00,5.19,0
47.5,0.00,5.17,0
47.55,0.00,5.15,0
47.6,0.00,5.14,0
47.65,0.00,5.13,0
47.7,0.00,5.11,0
47.75,0.00,5.09,0
47.8,0.00,5.06,0
47.85,0.00,5.05,0
47.9,0.00,5.03,0
47.95,0.00,5.00,0
48,0.00,4.98,0
48.05,0.00,4.96,0
48.1,0.00,4.92,0
48.15,0.00,4.89,0
48.2,0.00,4.88,0
48.25,0.00,4.86,0
48.3,0.00,4.84,0
48.35,0.00,4.84,0
48.4,0.00,4.82,0
48.45,0.00,4.80,0
48.5,0.00,4.78,0
48.55,0.00,4.77,0
48.6,0.00,4.75,0
48.65,0.00,4.73,0
48.7,0.00,4.70,0
48.75,0.00,4.68,0
48.8,0.00,4.65,0
48.85,0.00,4.62,0
48.9,0.00,4.60,0
48.95,0.00,4.59,0
49,0.00,4.57,0
49.05,0.00,4.57,0
49.1,0.00,4.56,0
49.15,0.00,4.53,0
49.2,0.00,4.51,0
49.25,0.00,4.50,0
49.3,0.00,4.48,0
49.35,0.00,4.46,0
49.4,0.00,4.44,0
49.45,0.00,4.42,0
49.5,0.00,4.39,0
49.55,0.00,4.36,0
49.6,0.00,4.35,0
49.65,0.00,4.34,0
49.7,0.00,4.32,0
49.75,0.00,4.32,0
49.8,0.00,4.31,0
49.85,0.00,4.29,0
49.9,0.00,4.27,0
49.95,0.00,4.26,0
50,0.00,4.24,0
50.05,0.00,4.23,0
50.1,0.00,4.21,0
50.15,0.00,4.18,0
50.2,0.00,4.16,0
50.25,0.00,4.14,0
50.3,0.00,4.12,0
50.35,0.00,4.11,0
50.4,0.00,4.10,0
50.45,0.00,4.08,0
50.5,0.00,4.08,0
50.55,0.00,4.06,0
50.6,0.00,4.04,0
50.65,0.00,4.03,0
50.7,0.00,4.01,0
50.75,0.00,3.99,0
50.8,0.00,3.97,0
50.85,0.00,3.95,0
50.9,0.00,3.93,0
50.95,0.00,3.91,0
51,0.00,3.89,0
51.05,0.00,3.88,0
51.1,0.00,3.88,0
51.15,0.00,3.88,0
51.2,0.00,3.87,0
51.25,0.00,3.86,0
51.3,0.00,3.84,0
51.35,0.00,3.82,0
51.4,0.00,3.82,0
51.45,0.00,3.80,0
51.5,0.00,3.79,0
51.55,0.00,3.77,0
51.6,0.00,3.75,0
51.65,0.00,3.72,0
51.7,0.00,3.71,0
51.75,0.00,3.70,0
51.8,0.00,3.69,0
51.85,0.00,3.68,0
51.9,0.00,3.68,0
51.95,0.00,3.66,0
52,0.00,3.65,0
52.05,0.00,3.63,0
52.1,0.00,3.63,0
52.15,0.00,3.61,0
52.2,0.00,3.60,0
52.25,0.00,3.58,0
52.3,0.00,3.56,0
52.35,0.00,3.54,0
52.4,0.00,3.52,0
52.45,0.00,3.51,0
52.5,0.00,3.50,0
52.55,0.00,3.50,0
52.6,0.00,3.49,0
52.65,0.00,3.48,0
52.7,0.00,3.47,0
52.75,0.00,3.46,0
52.8,0.00,3.44,0
52.85,0.00,3.43,0
52.9,0.00,3.42,0
52.95,0.00,3.40,0
53,0.00,3.38,0
53.05,0.00,3.37,0
53.1,0.00,3.35,0
53.15,0.00,3.34,0
53.2,0.00,3.34,0
53.25,0.00,3.33,0
53.3,0.00,3.32,0
53.35,0.00,3.32,0
53.4,0.00,3.30,0
53.45,0.00,3.29,0
53.5,0.00,3.28,0
53.55,0.00,3.27,0
53.6,0.00,3.26,0
53.65,0.00,3.24,0
53.7,0.00,3.22,0
53.75,0.00,3.21,0
53.8,0.00,3.20,0
53.85,0.00,3.19,0
53.9,0.00,3.19,0
53.95,0.00,3.18,0
54,0.00,3.17,0
54.05,0.00,3.16,0
54.1,0.00,3.15,0
54.15,0.00,3.15,0
54.2,0.00,3.13,0
54.25,0.00,3.12,0
54.3,0.00,3.10,0
54.35,0.00,3.08,0
54.4,0.00,3.07,0
54.45,0.00,3.06,0
54.5,0.00,3.06,0
54.55,0.00,3.05,0
54.6,0.00,3.05,0
54.65,0.00,3.04,0
54.7,0.00,3.03,0
54.75,0.00,3.02,0
54.8,0.00,3.01,0
54.85,0.00,3.00,0
54.9,0.00,2.99,0
54.95,0.00,2.97,0
55,0.00,2.96,0
55.05,0.00,2.94,0
55.1,0.00,2.93,0
55.15,0.00,2.92,0
55.2,0.00,2.92,0
55.25,0.00,2.92,0
55.3,0.00,2.91,0
55.35,0.00,2.91,0
55.4,0.00,2.90,0
55.45,0.00,2.89,0
55.5,0.00,2.88,0
55.55,0.00,2.87,0
55.6,0.00,2.86,0
55.65,0.00,2.85,0
55.7,0.00,2.83,0
55.75,0.00,2.82,0
55.8,0.00,2.81,0
55.85,0.00,2.80,0
55.9,0.00,2.79,0
55.95,0.00,2.79,0
56,0.00,2.79,0
56.05,0.00,2.79,0
56.1,0.00,2.78,0
56.15,0.00,2.77,0
56.2,0.00,2.76,0
56.25,0.00,2.75,0
56.3,0.00,2.74,0
56.35,0.00,2.73,0
56.4,0.00,2.72,0
56.45,0.00,2.71,0
56.5,0.00,2.69,0
56.55,0.00,2.67,0
56.6,0.00,2.67,0
56.65,0.00,2.66,0
56.7,0.00,2.66,0
56.75,0.00,2.66,0
56.8,0.00,2.66,0
56.85,0.00,2.65,0
56.9,0.00,2.64,0
56.95,0.00,2.63,0
57,0.00,2.63,0
57.05,0.00,2.62,0
57.1,0.00,2.61,0
57.15,0.00,2.59,0
57.2,0.00,2.58,0
57.25,0.00,2.56,0
57.3,0.00,2.56,0
57.35,0.00,2.56,0
57.4,0.00,2.56,0
57.45,0.00,2.56,0
57.5,0.00,2.56,0
57.55,0.00,2.55,0
57.6,0.00,2.54,0
57.65,0.00,2.53,0
57.7,0.00,2.53,0
57.75,0.00,2.52,0
57.8,0.00,2.51,0
57.85,0.00,2.49,0
57.9,0.00,2.48,0
57.95,0.00,2.48,0
58,0.00,2.48,0
58.05,0.00,2.47,0
58.1,0.00,2.47,0
58.15,0.00,2.47,0
58.2,0.00,2.46,0
58.25,0.00,2.45,0
58.3,0.00,2.44,0
58.35,0.00,2.43,0
58.4,0.00,2.42,0
58.45,0.00,2.41,0
58.5,0.00,2.40,0
58.55,0.00,2.39,0
58.6,0.00,2.39,0
58.65,0.00,2.38,0
58.7,0.00,2.38,0
58.75,0.00,2.37,0
58.8,0.00,2.38,0
58.85,0.00,2.37,0
58.9,0.00,2.36,0
58.95,0.00,2.35,0
59,0.00,2.35,0
59.05,0.00,2.34,0
59.1,0.00,2.33,0
59.15,0.00,2.32,0
59.2,0.00,2.31,0
59.25,0.00,2.31,0
59.3,0.00,2.31,0
59.35,0.00,2.31,0
59.4,0.00,2.31,0
59.45,0.00,2.30,0
59.5,0.00,2.29,0
59.55,0.00,2.28,0
59.6,0.00,2.28,0
59.65,0.00,2.27,0
59.7,0.00,2.26,0
59.75,0.00,2.25,0
59.8,0.00,2.24,0
59.85,0.00,2.23,0
59.9,0.00,2.23,0
59.95,0.00,2.23,0
60,0.00,2.23,0
60.05,0.00,2.23,0
60.1,0.00,2.23,0
60.15,0.00,2.22,0
60.2,0.00,2.22,0
60.25,0.00,2.21,0
60.3,0.00,2.20,0
60.35,0.00,2.18,0
60.4,0.00,2.18,0
60.45,0.00,2.17,0
60.5,0.00,2.16,0
60.55,0.00,2.16,0
60.6,0.00,2.15,0
60.65,0.00,2.15,0
60.7,0.00,2.15,0
60.75,0.00,2.14,0
60.8,0.00,2.14,0
60.85,0.00,2.13,0
60.9,0.00,2.12,0
60.95,0.00,2.12,0
61,0.00,2.11,0
61.05,0.00,2.11,0
61.1,0.00,2.10,0
61.15,0.00,2.09,0
61.2,0.00,2.09,0
61.25,0.00,2.08,0
61.3,0.00,2.08,0
61.35,0.00,2.08,0
61.4,0.00,2.08,0
61.45,50.00,1.99,5
61.5,50.00,1.99,5
61.55,50.00,2.01,5
61.6,50.00,2.09,5
61.65,50.00,2.24,5
61.7,50.00,2.44,5
61.75,50.00,2.70,5
61.8,50.00,3.14,5
61.85,50.00,3.43,5
61.9,50.00,3.75,5
61.95,50.00,4.05,5
62,50.00,4.35,5
62.05,50.00,4.64,5
62.1,50.00,4.93,5
62.15,50.00,5.20,5
62.2,50.00,5.49,5
62.25,50.00,5.79,5
62.3,50.00,6.08,5
62.35,50.00,6.36,5
62.4,50.00,6.63,5
62.45,50.00,6.89,5
62.5,50.00,7.13,5
62.55,50.00,7.36,5
62.6,50.00,7.57,5
62.65,50.00,7.77,5
62.7,50.00,7.97,5
62.75,50.00,8.15,5
62.8,50.00,8.45,5
62.85,50.00,8.65,5
62.9,50.00,8.83,5
62.95,50.00,9.01,5
63,50.00,9.19,5
63.05,50.00,9.36,5
63.1,50.00,9.52,5
63.15,50.00,9.70,5
63.2,50.00,9.86,5
63.25,50.00,10.03,5
63.3,50.00,10.17,5
63.35,50.00,10.31,5
63.4,50.00,10.43,5
63.45,50.00,10.54,5
63.5,50.00,10.65,5
63.55,50.00,10.76,5
63.6,50.00,10.93,5
63.65,50.00,11.04,5
63.7,50.00,11.14,5
63.75,50.00,11.25,5
63.8,50.00,11.34,5
63.85,50.00,11.42,5
63.9,50.00,11.49,5
63.95,50.00,11.57,5
64,50.00,11.63,5
64.05,50.00,11.69,5
64.1,50.00,11.76,5
64.15,50.00,11.82,5
64.2,50.00,11.87,5
64.25,50.00,11.94,5
64.3,50.00,12.03,5
64.35,50.00,12.09,5
64.4,50.00,12.15,5
64.45,50.00,12.21,5
64.5,50.00,12.27,5
64.55,50.00,12.33,5
64.6,50.00,12.40,5
64.65,50.00,12.47,5
64.7,50.00,12.53,5
64.75,50.00,12.59,5
64.8,50.00,12.63,5
64.85,50.00,12.66,5
64.9,50.00,12.69,5
64.95,50.00,12.71,5
65,50.00,12.73,5
65.05,50.00,12.76,5
65.1,50.00,12.80,5
65.15,50.00,12.82,5
65.2,50.00,12.85,5
65.25,50.00,12.88,5
65.3,50.00,12.92,5
65.35,50.00,12.97,5
65.4,0.00,13.03,0
65.45,0.00,13.07,0
65.5,0.00,13.09,0
65.55,0.00,13.08,0
65.6,0.00,13.03,0
65.65,0.00,12.95,0
65.7,0.00,12.86,0
65.75,0.00,12.71,0
65.8,0.00,12.60,0
65.85,0.00,12.50,0
65.9,0.00,12.41,0
65.95,0.00,12.33,0
66,0.00,12.24,0
66.05,0.00,12.18,0
66.1,0.00,12.10,0
66.15,0.00,12.02,0
66.2,0.00,11.94,0
66.25,0.00,11.86,0
66.3,0.00,11.77,0
66.35,0.00,11.70,0
66.4,0.00,11.62,0
66.45,0.00,11.51,0
66.5,0.00,11.43,0
66.55,0.00,11.36,0
66.6,0.00,11.28,0
66.65,0.00,11.21,0
66.7,0.00,11.14,0
66.75,0.00,11.09,0
66.8,0.00,11.02,0
66.85,0.00,10.95,0
66.9,0.00,10.89,0
66.95,0.00,10.82,0
67,0.00,10.76,0
67.05,0.00,10.69,0
67.1,0.00,10.59,0
67.15,0.00,10.52,0
67.2,0.00,10.45,0
67.25,0.00,10.40,0
67.3,0.00,10.34,0
67.35,0.00,10.28,0
67.4,0.00,10.23,0
67.45,0.00,10.17,0
67.5,0.00,10.11,0
67.55,0.00,10.04,0
67.6,0.00,9.98,0
67.65,0.00,9.92,0
67.7,0.00,9.86,0
67.75,0.00,9.81,0
67.8,0.00,9.72,0
67.85,0.00,9.66,0
67.9,0.00,9.61,0
67.95,0.00,9.56,0
68,0.00,9.50,0
68.05,0.00,9.45,0
68.1,0.00,9.40,0
68.15,0.00,9.35,0
68.2,0.00,9.29,0
68.25,0.00,9.23,0
68.3,0.00,9.17,0
68.35,0.00,9.11,0
68.4,0.00,9.06,0
68.45,0.00,9.01,0
68.5,0.00,8.93,0
68.55,0.00,8.87,0
68.6,0.00,8.83,0
68.65,0.00,8.78,0
68.7,0.00,8.73,0
68.75,0.00,8.69,0
68.8,0.00,8.65,0
68.85,0.00,8.60,0
68.9,0.00,8.54,0
68.95,0.00,8.49,0
69,0.00,8.44,0
69.05,0.00,8.39,0
69.1,0.00,8.35,0
69.15,0.00,8.31,0
69.2,0.00,8.26,0
69.25,0.00,8.19,0
69.3,0.00,8.15,0
69.35,0.00,8.11,0
69.4,0.00,8.06,0
69.45,0.00,8.02,0
69.5,0.00,7.98,0
69.55,0.00,7.94,0
69.6,0.00,7.89,0
69.65,0.00,7.85,0
69.7,0.00,7.80,0
69.75,0.00,7.75,0
69.8,0.00,7.71,0
69.85,0.00,7.67,0
69.9,0.00,7.60,0
69.95,0.00,7.56,0
70,0.00,7.52,0
70.05,0.00,7.49,0
70.1,0.00,7.45,0
70.15,0.00,7.41,0
70.2,0.00,7.36,0
70.25,0.00,7.32,0
70.3,0.00,7.28,0
70.35,0.00,7.24,0
70.4,0.00,7.20,0
70.45,0.00,7.16,0
70.5,0.00,7.13,0
70.55,0.00,7.06,0
70.6,0.00,7.03,0
70.65,0.00,6.99,0
70.7,0.00,6.96,0
70.75,0.00,6.93,0
70.8,0.00,6.89,0
70.85,0.00,6.85,0
70.9,0.00,6.81,0
70.95,0.00,6.77,0
71,0.00,6.73,0
71.05,0.00,6.70,0
71.1,0.00,6.67,0
71.15,0.00,6.64,0
71.2,0.00,6.60,0
71.25,0.00,6.55,0
71.3,0.00,6.52,0
71.35,0.00,6.49,0
71.4,0.00,6.46,0
71.45,0.00,6.42,0
71.5,0.00,6.39,0
71.55,0.00,6.35,0
71.6,0.00,6.31,0
71.65,0.00,6.27,0
71.7,0.00,6.24,0
71.75,0.00,6.22,0
71.8,0.00,6.19,0
71.85,0.00,6.16,0
71.9,0.00,6.11,0
71.95,0.00,6.08,0
72,0.00,6.06,0
72.05,0.00,6.03,0
72.1,0.00,5.99,0
72.15,0.00,5.96,0
72.2,0.00,5.93,0
72.25,0.00,5.89,0
72.3,0.00,5.86,0
72.35,0.00,5.83,0
72.4,0.00,5.81,0
72.45,0.00,5.78,0
72.5,0.00,5.73,0
72.55,0.00,5.70,0
72.6,0.00,5.68,0
72.65,0.00,5.65,0
72.7,0.00,5.63,0
72.75,0.00,5.60,0
72.8,0.00,5.57,0
72.85,0.00,5.53,0
72.9,0.00,5.50,0
72.95,0.00,5.46,0
73,0.00,5.43,0
73.05,0.00,5.41,0
73.1,0.00,5.39,0
73.15,0.00,5.36,0
73.2,0.00,5.33,0
73.25,0.00,5.30,0
73.3,0.00,5.28,0
73.35,0.00,5.26,0
73.4,0.00,5.24,0
73.45,0.00,5.21,0
73.5,0.00,5.18,0
73.55,0.00,5.15,0
73.6,0.00,5.12,0
73.65,0.00,5.08,0
73.7,0.00,5.06,0
73.75,0.00,5.04,0
73.8,0.00,5.02,0
73.85,0.00,4.99,0
73.9,0.00,4.96,0
73.95,0.00,4.94,0
74,0.00,4.92,0
74.05,0.00,4.90,0
74.1,0.00,4.87,0
74.15,0.00,4.85,0
74.2,0.00,4.82,0
74.25,0.00,4.80,0
74.3,0.00,4.77,0
74.35,0.00,4.75,0
74.4,0.00,4.74,0
74.45,0.00,4.72,0
74.5,0.00,4.70,0
74.55,0.00,4.66,0
74.6,0.00,4.64,0
74.65,0.00,4.62,0
74.7,0.00,4.60,0
74.75,0.00,4.57,0
74.8,0.00,4.55,0
74.85,0.00,4.51,0
74.9,0.00,4.48,0
74.95,0.00,4.46,0
75,0.00,4.45,0
75.05,0.00,4.43,0
75.1,0.00,4.42,0
75.15,0.00,4.41,0
75.2,0.00,4.37,0
75.25,0.00,4.35,0
75.3,0.00,4.33,0
75.35,0.00,4.31,0
75.4,0.00,4.29,0
75.45,0.00,4.27,0
75.5,0.00,4.25,0
75.55,0.00,4.22,0
75.6,0.00,4.19,0
75.65,0.00,4.17,0
75.7,0.00,4.16,0
75.75,0.00,4.14,0
75.8,0.00,4.13,0
75.85,0.00,4.13,0
75.9,0.00,4.10,0
75.95,0.00,4.08,0
76,0.00,4.07,0
76.05,0.00,4.06,0
76.1,0.00,4.04,0
76.15,0.00,4.02,0
76.2,0.00,3.99,0
76.25,0.00,3.97,0
76.3,0.00,3.94,0
76.35,0.00,3.93,0
76.4,0.00,3.91,0
76.45,0.00,3.90,0
76.5,0.00,3.89,0
76.55,0.00,3.87,0
76.6,0.00,3.84,0
76.65,0.00,3.83,0
76.7,0.00,3.82,0
76.75,0.00,3.82,0
76.8,0.00,3.80,0
76.85,0.00,3.78,0
76.9,0.00,3.75,0
76.95,0.00,3.73,0
77,0.00,3.69,0
77.05,0.00,3.67,0
77.1,0.00,3.66,0
77.15,0.00,3.65,0
77.2,0.00,3.63,0
77.25,0.00,3.63,0
77.3,0.00,3.62,0
77.35,0.00,3.60,0
77.4,0.00,3.59,0
77.45,0.00,3.57,0
77.5,0.00,3.56,0
77.55,0.00,3.54,0
77.6,0.00,3.52,0
77.65,0.00,3.50,0
77.7,0.00,3.47,0
77.75,0.00,3.45,0
77.8,0.00,3.44,0
77.85,0.00,3.43,0
77.9,0.00,3.42,0
77.95,0.00,3.41,0
78,0.00,3.41,0
78.05,0.00,3.39,0
78.1,0.00,3.38,0
78.15,0.00,3.37,0
78.2,0.00,3.35,0
78.25,0.00,3.34,0
78.3,0.00,3.32,0
78.35,0.00,3.29,0
78.4,0.00,3.27,0
78.45,0.00,3.26,0
78.5,0.00,3.25,0
78.55,0.00,3.24,0
78.6,0.00,3.23,0
78.65,0.00,3.23,0
78.7,0.00,3.21,0
78.75,0.00,3.19,0
78.8,0.00,3.19,0
78.85,0.00,3.18,0
78.9,0.00,3.16,0
78.95,0.00,3.15,0
79,0.00,3.13,0
79.05,0.00,3.11,0
79.1,0.00,3.10,0
79.15,0.00,3.09,0
79.2,0.00,3.08,0
79.25,0.00,3.08,0
79.3,0.00,3.06,0
79.35,0.00,3.05,0
79.4,0.00,3.03,0
79.45,0.00,3.02,0
79.5,0.00,3.02,0
79.55,0.00,3.00,0
79.6,0.00,2.99,0
79.65,0.00,2.97,0
79.7,0.00,2.96,0
79.75,0.00,2.94,0
79.8,0.00,2.93,0
79.85,0.00,2.92,0
79.9,80.00,2.76,8
79.95,80.00,2.73,8
80,80.00,2.85,8
80.05,80.00,3.17,8
80.1,80.00,3.64,8
80.15,80.00,4.23,8
80.2,80.00,5.02,8
80.25,80.00,5.78,8
80.3,80.00,6.55,8
80.35,80.00,7.22,8
80.4,80.00,7.98,8
80.45,80.00,8.62,8
80.5,80.00,9.27,8
80.55,80.00,10.23,8
80.6,80.00,10.86,8
80.65,80.00,11.51,8
80.7,80.00,12.15,8
80.75,80.00,12.72,8
80.8,0.00,13.29,0
80.85,0.00,13.77,0
80.9,0.00,14.12,0
80.95,0.00,14.34,0
81,0.00,14.41,0
81.05,0.00,14.38,0
81.1,0.00,14.26,0
81.15,0.00,14.14,0
81.2,0.00,14.02,0
81.25,0.00,13.91,0
81.3,0.00,13.74,0
81.35,0.00,13.63,0
81.4,0.00,13.53,0
81.45,0.00,13.43,0
81.5,0.00,13.33,0
81.55,0.00,13.22,0
81.6,0.00,13.12,0
81.65,0.00,13.01,0
81.7,0.00,12.90,0
81.75,0.00,12.80,0
81.8,0.00,12.71,0
81.85,0.00,12.63,0
81.9,0.00,12.56,0
81.95,0.00,12.49,0
82,0.00,12.42,0
82.05,0.00,12.31,0
82.1,0.00,12.23,0
82.15,0.00,12.15,0
82.2,0.00,12.08,0
82.25,0.00,12.00,0
82.3,0.00,11.93,0
82.35,0.00,11.84,0
82.4,0.00,11.76,0
82.45,0.00,11.67,0
82.5,0.00,11.60,0
82.55,0.00,11.53,0
82.6,0.00,11.47,0
82.65,0.00,11.41,0
82.7,0.00,11.35,0
82.75,0.00,11.28,0
82.8,0.00,11.17,0
82.85,0.00,11.11,0
82.9,0.00,11.05,0
82.95,0.00,10.98,0
83,0.00,10.92,0
83.05,0.00,10.84,0
83.1,0.00,10.78,0
83.15,0.00,10.70,0
83.2,0.00,10.62,0
83.25,0.00,10.56,0
83.3,0.00,10.51,0
83.35,0.00,10.45,0
83.4,0.00,10.40,0
83.45,0.00,10.35,0
83.5,0.00,10.25,0
83.55,0.00,10.20,0
83.6,0.00,10.14,0
83.65,0.00,10.09,0
83.7,0.00,10.03,0
83.75,0.00,9.96,0
83.8,0.00,9.90,0
83.85,0.00,9.84,0
83.9,0.00,9.78,0
83.95,0.00,9.72,0
84,0.00,9.67,0
84.05,0.00,9.62,0
84.1,0.00,9.57,0
84.15,0.00,9.51,0
84.2,0.00,9.43,0
84.25,0.00,9.38,0
84.3,0.00,9.33,0
84.35,0.00,9.28,0
84.4,0.00,9.23,0
84.45,0.00,9.17,0
84.5,0.00,9.12,0
84.55,0.00,9.06,0
84.6,0.00,9.01,0
84.65,0.00,8.96,0
84.7,0.00,8.91,0
84.75,0.00,8.86,0
84.8,0.00,8.81,0
84.85,0.00,8.74,0
84.9,0.00,8.69,0
84.95,0.00,8.64,0
85,0.00,8.59,0
85.05,0.00,8.54,0
85.1,0.00,8.49,0
85.15,0.00,8.43,0
85.2,0.00,8.38,0
85.25,0.00,8.33,0
85.3,0.00,8.29,0
85.35,0.00,8.25,0
85.4,0.00,8.21,0
85.45,0.00,8.17,0
85.5,0.00,8.10,0
85.55,0.00,8.06,0
85.6,0.00,8.02,0
85.65,0.00,7.97,0
85.7,0.00,7.93,0
85.75,0.00,7.88,0
85.8,0.00,7.83,0
85.85,0.00,7.78,0
85.9,0.00,7.74,0
85.95,0.00,7.70,0
86,0.00,7.66,0
86.05,0.00,7.62,0
86.1,0.00,7.59,0
86.15,0.00,7.52,0
86.2,0.00,7.48,0
86.25,0.00,7.44,0
86.3,0.00,7.40,0
86.35,0.00,7.36,0
86.4,0.00,7.32,0
86.45,0.00,7.28,0
86.5,0.00,7.24,0
86.55,0.00,7.19,0
86.6,0.00,7.15,0
86.65,0.00,7.11,0
86.7,0.00,7.08,0
86.75,0.00,7.04,0
86.8,0.00,6.99,0
86.85,0.00,6.95,0
86.9,0.00,6.92,0
86.95,0.00,6.89,0
87,0.00,6.85,0
87.05,0.00,6.81,0
87.1,0.00,6.78,0
87.15,0.00,6.73,0
87.2,0.00,6.70,0
87.25,0.00,6.66,0
87.3,0.00,6.63,0
87.35,0.00,6.59,0
87.4,0.00,6.57,0
87.45,0.00,6.53,0
87.5,0.00,6.48,0
87.55,0.00,6.45,0
87.6,0.00,6.42,0
87.65,0.00,6.39,0
87.7,0.00,6.35,0
87.75,0.00,6.31,0
87.8,0.00,6.28,0
87.85,0.00,6.24,0
87.9,0.00,6.19,0
87.95,0.00,6.16,0
88,0.00,6.13,0
88.05,0.00,6.11,0
88.1,0.00,6.08,0
88.15,0.00,6.03,0
88.2,0.00,6.00,0
88.25,0.00,5.97,0
88.3,0.00,5.94,0
88.35,0.00,5.92,0
88.4,0.00,5.90,0
88.45,0.00,5.87,0
88.5,0.00,5.83,0
88.55,0.00,5.80,0
88.6,0.00,5.76,0
88.65,0.00,5.72,0
88.7,0.00,5.70,0
88.75,0.00,5.67,0
88.8,0.00,5.65,0
88.85,0.00,5.62,0
88.9,0.00,5.58,0
88.95,0.00,5.55,0
89,0.00,5.53,0
89.05,0.00,5.50,0
89.1,0.00,5.48,0
89.15,0.00,5.46,0
89.2,0.00,5.43,0
89.25,0.00,5.39,0
89.3,0.00,5.36,0
89.35,0.00,5.33,0
89.4,0.00,5.29,0
89.45,0.00,5.27,0
89.5,0.00,5.25,0
89.55,0.00,5.22,0
89.6,0.00,5.18,0
89.65,0.00,5.15,0
89.7,0.00,5.13,0
89.75,0.00,5.11,0
89.8,0.00,5.09,0
89.85,0.00,5.07,0
89.9,0.00,5.04,0
89.95,0.00,5.01,0
90,0.00,4.97,0
90.05,0.00,4.94,0
90.1,0.00,4.92,0
90.15,0.00,4.90,0
90.2,0.00,4.88,0
90.25,0.00,4.86,0
90.3,0.00,4.81,0
90.35,0.00,4.79,0
90.4,0.00,4.77,0
90.45,0.00,4.75,0
90.5,0.00,4.73,0
90.55,0.00,4.71,0
90.6,0.00,4.70,0
90.65,0.00,4.67,0
90.7,0.00,4.65,0
90.75,0.00,4.62,0
90.8,0.00,4.59,0
90.85,0.00,4.56,0
90.9,0.00,4.54,0
90.95,0.00,4.53,0
91,0.00,4.49,0
91.05,0.00,4.46,0
91.1,0.00,4.44,0
91.15,0.00,4.42,0
91.2,0.00,4.40,0
91.25,0.00,4.39,0
91.3,0.00,4.38,0
91.35,0.00,4.36,0
91.4,0.00,4.33,0
91.45,0.00,4.30,0
91.5,0.00,4.27,0
91.55,0.00,4.25,0
91.6,0.00,4.23,0
91.65,0.00,4.22,0
91.7,0.00,4.21,0
91.75,0.00,4.17,0
91.8,0.00,4.15,0
91.85,0.00,4.14,0
91.9,0.00,4.12,0
91.95,0.00,4.11,0
92,0.00,4.09,0
92.05,0.00,4.07,0
92.1,0.00,4.05,0
92.15,0.00,4.03,0
92.2,0.00,4.00,0
92.25,0.00,3.98,0
92.3,0.00,3.97,0
92.35,0.00,3.95,0
92.4,0.00,3.92,0
92.45,0.00,3.89,0
92.5,0.00,3.88,0
92.55,0.00,3.86,0
92.6,0.00,3.85,0
92.65,0.00,3.83,0
92.7,0.00,3.83,0
92.75,0.00,3.82,0
92.8,0.00,3.80,0
92.85,0.00,3.78,0
92.9,0.00,3.76,0
92.95,0.00,3.73,0
93,0.00,3.71,0
93.05,0.00,3.70,0
93.1,0.00,3.68,0
93.15,0.00,3.66,0
93.2,0.00,3.63,0
93.25,0.00,3.61,0
93.3,0.00,3.60,0
93.35,0.00,3.59,0
93.4,0.00,3.58,0
93.45,0.00,3.57,0
93.5,0.00,3.56,0
93.55,0.00,3.55,0
93.6,0.00,3.53,0
93.65,0.00,3.50,0
93.7,0.00,3.49,0
93.75,0.00,3.46,0
93.8,0.00,3.45,0
93.85,0.00,3.44,0
93.9,0.00,3.41,0
93.95,0.00,3.40,0
94,0.00,3.39,0
94.05,0.00,3.38,0
94.1,0.00,3.37,0
94.15,0.00,3.36,0
94.2,0.00,3.34,0
94.25,0.00,3.33,0
94.3,0.00,3.31,0
94.35,0.00,3.29,0
94.4,0.00,3.27,0
94.45,0.00,3.26,0
94.5,0.00,3.25,0
94.55,0.00,3.22,0
94.6,0.00,3.21,0
94.65,0.00,3.20,0
94.7,0.00,3.19,0
94.75,0.00,3.18,0
94.8,0.00,3.18,0
94.85,0.00,3.16,0
94.9,0.00,3.14,0
94.95,0.00,3.12,0
95,0.00,3.11,0
95.05,0.00,3.09,0
95.1,0.00,3.08,0
95.15,0.00,3.07,0
95.2,0.00,3.05,0
95.25,0.00,3.02,0
95.3,0.00,3.01,0
95.35,0.00,3.00,0
95.4,0.00,2.99,0
95.45,0.00,2.98,0
95.5,0.00,2.99,0
95.55,0.00,2.98,0
95.6,0.00,2.96,0
95.65,0.00,2.95,0
95.7,0.00,2.94,0
95.75,0.00,2.92,0
95.8,0.00,2.91,0
95.85,0.00,2.90,0
95.9,0.00,2.88,0
95.95,0.00,2.87,0
96,0.00,2.86,0
96.05,0.00,2.86,0
96.1,0.00,2.85,0
96.15,0.00,2.84,0
96.2,0.00,2.84,0
96.25,0.00,2.82,0
96.3,0.00,2.81,0
96.35,0.00,2.79,0
96.4,0.00,2.78,0
96.45,0.00,2.76,0
96.5,0.00,2.76,0
96.55,0.00,2.74,0
96.6,0.00,2.72,0
96.65,0.00,2.71,0
96.7,0.00,2.70,0
96.75,0.00,2.70,0
96.8,0.00,2.69,0
96.85,0.00,2.70,0
96.9,0.00,2.68,0
96.95,0.00,2.67,0
97,0.00,2.66,0
97.05,0.00,2.65,0
97.1,0.00,2.63,0
97.15,0.00,2.62,0
97.2,0.00,2.62,0
97.25,0.00,2.60,0
97.3,0.00,2.59,0
97.35,0.00,2.58,0
97.4,0.00,2.58,0
97.45,0.00,2.58,0
97.5,0.00,2.57,0
97.55,0.00,2.56,0
97.6,0.00,2.55,0
97.65,0.00,2.54,0
97.7,0.00,2.52,0
97.75,0.00,2.50,0
97.8,0.00,2.50,0
97.85,0.00,2.49,0
97.9,0.00,2.48,0
97.95,0.00,2.46,0
98,0.00,2.45,0
98.05,0.00,2.45,0
98.1,0.00,2.44,0
98.15,0.00,2.44,0
98.2,0.00,2.44,0
98.25,0.00,2.43,0
98.3,0.00,2.42,0
98.35,0.00,2.40,0
98.4,0.00,2.39,0
98.45,0.00,2.38,0
98.5,0.00,2.38,0
98.55,0.00,2.37,0
98.6,0.00,2.35,0
98.65,0.00,2.34,0
98.7,0.00,2.34,0
98.75,0.00,2.33,0
98.8,0.00,2.33,0
98.85,0.00,2.34,0
98.9,0.00,2.33,0
98.95,0.00,2.32,0
99,0.00,2.31,0
99.05,0.00,2.30,0
99.1,0.00,2.28,0
99.15,0.00,2.27,0
99.2,0.00,2.27,0
99.25,0.00,2.25,0
99.3,0.00,2.24,0
99.35,0.00,2.24,0
99.4,0.00,2.24,0
99.45,0.00,2.23,0
99.5,0.00,2.23,0
99.55,0.00,2.23,0
99.6,0.00,2.22,0
99.65,0.00,2.21,0
99.7,0.00,2.20,0
99.75,0.00,2.19,0
99.8,0.00,2.17,0
99.85,0.00,2.17,0
99.9,0.00,2.16,0
99.95,0.00,2.14,0
100,0.00,2.13,0
100.05,0.00,2.13,0
100.1,0.00,2.12,0
100.15,0.00,2.12,0
100.2,0.00,2.13,0
100.25,0.00,2.13,0
100.3,0.00,2.12,0
100.35,0.00,2.11,0
100.4,0.00,2.10,0
100.45,0.00,2.08,0
100.5,0.00,2.07,0
100.55,0.00,2.07,0
100.6,0.00,2.06,0
100.65,0.00,2.04,0
100.7,0.00,2.02,0
100.75,0.00,2.02,0
100.8,0.00,2.02,0
100.85,0.00,2.01,0
100.9,0.00,2.02,0
100.95,0.00,2.03,0
101,0.00,2.03,0
101.05,0.00,2.02,0
101.1,0.00,2.01,0
101.15,0.00,1.99,0
101.2,0.00,1.98,0
101.25,0.00,1.98,0
101.3,0.00,1.97,0
101.35,0.00,1.95,0
101.4,0.00,1.93,0
101.45,0.00,1.93,0
101.5,0.00,1.93,0
101.55,0.00,1.92,0
101.6,0.00,1.93,0
101.65,0.00,1.94,0
101.7,0.00,1.93,0
101.75,0.00,1.92,0
101.8,0.00,1.91,0
101.85,0.00,1.90,0
101.9,0.00,1.89,0
101.95,0.00,1.89,0
102,0.00,1.88,0
102.05,0.00,1.87,0
102.1,0.00,1.86,0
102.15,0.00,1.86,0
102.2,0.00,1.86,0
102.25,0.00,1.85,0
102.3,0.00,1.86,0
102.35,0.00,1.86,0
102.4,0.00,1.85,0
102.45,0.00,1.84,0
102.5,0.00,1.83,0
102.55,0.00,1.82,0
102.6,0.00,1.81,0
102.65,0.00,1.81,0
102.7,0.00,1.80,0
102.75,0.00,1.79,0
102.8,0.00,1.78,0
102.85,0.00,1.78,0
102.9,0.00,1.78,0
102.95,0.00,1.78,0
103,0.00,1.79,0
103.05,0.00,1.79,0
103.1,0.00,1.79,0
103.15,0.00,1.78,0
103.2,0.00,1.77,0
103.25,0.00,1.75,0
103.3,0.00,1.74,0
103.35,0.00,1.74,0
103.4,0.00,1.73,0
103.45,0.00,1.71,0
103.5,0.00,1.71,0
103.55,0.00,1.71,0
103.6,0.00,1.71,0
103.65,0.00,1.71,0
103.7,0.00,1.72,0
103.75,0.00,1.73,0
103.8,0.00,1.73,0
103.85,0.00,1.72,0
103.9,0.00,1.70,0
103.95,0.00,1.69,0
104,0.00,1.68,0
104.05,0.00,1.67,0
104.1,0.00,1.66,0
104.15,0.00,1.65,0
104.2,0.00,1.65,0
104.25,0.00,1.64,0
104.3,0.00,1.64,0
104.35,0.00,1.65,0
104.4,0.00,1.65,0
104.45,0.00,1.65,0
104.5,0.00,1.64,0
104.55,0.00,1.63,0
104.6,0.00,1.62,0
104.65,0.00,1.61,0
104.7,0.00,1.60,0
104.75,0.00,1.60,0
104.8,0.00,1.59,0
104.85,0.00,1.59,0
104.9,0.00,1.58,0
104.95,0.00,1.58,0
105,0.00,1.58,0
105.05,0.00,1.59,0
105.1,0.00,1.59,0
105.15,0.00,1.60,0
105.2,0.00,1.59,0
105.25,0.00,1.58,0
105.3,0.00,1.57,0
105.35,0.00,1.55,0
105.4,0.00,1.54,0
105.45,0.00,1.54,0
105.5,0.00,1.53,0
105.55,0.00,1.52,0
105.6,0.00,1.51,0
105.65,0.00,1.51,0
105.7,0.00,1.51,0
105.75,0.00,1.51,0
105.8,0.00,1.52,0
105.85,0.00,1.53,0
105.9,0.00,1.52,0
105.95,0.00,1.52,0
106,0.00,1.51,0
106.05,0.00,1.50,0
106.1,0.00,1.48,0
106.15,0.00,1.48,0
106.2,0.00,1.48,0
106.25,0.00,1.47,0
106.3,0.00,1.47,0
106.35,0.00,1.47,0
106.4,0.00,1.47,0
106.45,0.00,1.47,0
106.5,0.00,1.47,0
106.55,0.00,1.48,0
106.6,0.00,1.48,0
106.65,0.00,1.47,0
106.7,0.00,1.46,0
106.75,0.00,1.45,0
106.8,0.00,1.43,0
106.85,0.00,1.43,0
106.9,0.00,1.42,0
106.95,0.00,1.41,0
107,0.00,1.41,0
107.05,0.00,1.41,0
107.1,0.00,1.41,0
107.15,0.00,1.41,0
107.2,0.00,1.41,0
107.25,0.00,1.42,0
107.3,0.00,1.41,0
107.35,0.00,1.40,0
107.4,0.00,1.39,0
107.45,0.00,1.39,0
107.5,0.00,1.38,0
107.55,0.00,1.38,0
107.6,0.00,1.37,0
107.65,0.00,1.37,0
107.7,0.00,1.36,0
107.75,0.00,1.35,0
107.8,0.00,1.35,0
107.85,0.00,1.36,0
107.9,0.00,1.36,0
107.95,0.00,1.37,0
108,0.00,1.37,0
108.05,0.00,1.36,0
108.1,0.00,1.36,0
108.15,0.00,1.35,0
108.2,0.00,1.33,0
108.25,0.00,1.33,0
108.3,0.00,1.33,0
108.35,0.00,1.32,0
108.4,0.00,1.31,0
108.45,0.00,1.31,0
108.5,0.00,1.30,0
108.55,0.00,1.30,0
108.6,0.00,1.31,0
108.65,0.00,1.31,0
108.7,0.00,1.31,0
108.75,0.00,1.31,0
108.8,0.00,1.30,0
108.85,0.00,1.29,0
108.9,0.00,1.29,0
108.95,0.00,1.28,0
109,0.00,1.28,0
109.05,0.00,1.27,0
109.1,0.00,1.26,0
109.15,0.00,1.25,0
109.2,0.00,1.25,0
109.25,0.00,1.25,0
109.3,0.00,1.25,0
109.35,0.00,1.26,0
109.4,0.00,1.27,0
109.45,0.00,1.26,0
109.5,0.00,1.26,0
109.55,0.00,1.25,0
109.6,0.00,1.25,0
109.65,0.00,1.24,0
109.7,0.00,1.24,0
109.75,0.00,1.23,0
109.8,0.00,1.22,0
109.85,0.00,1.21,0
109.9,0.00,1.21,0
109.95,0.00,1.21,0
110,0.00,1.21,0
110.05,0.00,1.22,0
110.1,0.00,1.23,0
110.15,0.00,1.22,0
110.2,0.00,1.22,0
110.25,0.00,1.21,0
110.3,0.00,1.20,0
110.35,0.00,1.20,0
110.4,0.00,1.20,0
110.45,0.00,1.19,0
110.5,0.00,1.18,0
110.55,0.00,1.17,0
110.6,0.00,1.18,0
110.65,0.00,1.18,0
110.7,0.00,1.18,0
110.75,0.00,1.18,0
110.8,0.00,1.19,0
110.85,0.00,1.18,0
110.9,0.00,1.18,0
110.95,0.00,1.17,0
111,0.00,1.17,0
111.05,0.00,1.17,0
111.1,0.00,1.16,0
111.15,0.00,1.16,0
111.2,0.00,1.15,0
111.25,0.00,1.14,0
111.3,0.00,1.14,0
111.35,0.00,1.14,0
111.4,0.00,1.14,0
111.45,0.00,1.14,0
111.5,0.00,1.16,0
111.55,0.00,1.15,0
111.6,0.00,1.15,0
111.65,0.00,1.14,0
111.7,0.00,1.14,0
111.75,0.00,1.13,0
111.8,0.00,1.13,0
111.85,0.00,1.12,0
111.9,0.00,1.12,0
111.95,0.00,1.11,0
112,0.00,1.11,0
112.05,0.00,1.11,0
112.1,0.00,1.12,0
112.15,0.00,1.12,0
112.2,0.00,1.13,0
112.25,0.00,1.12,0
112.3,0.00,1.12,0
112.35,0.00,1.11,0
112.4,0.00,1.10,0
112.45,0.00,1.10,0
112.5,0.00,1.10,0
112.55,0.00,1.09,0
112.6,0.00,1.09,0
112.65,0.00,1.08,0
112.7,0.00,1.08,0
112.75,0.00,1.08,0
112.8,0.00,1.08,0
112.85,0.00,1.08,0
112.9,0.00,1.09,0
112.95,0.00,1.08,0
113,0.00,1.08,0
113.05,0.00,1.07,0
113.1,0.00,1.07,0
113.15,0.00,1.07,0
113.2,0.00,1.06,0
113.25,0.00,1.06,0
113.3,0.00,1.05,0
113.35,0.00,1.05,0
113.4,0.00,1.05,0
113.45,0.00,1.05,0
113.5,0.00,1.06,0
113.55,0.00,1.05,0
113.6,0.00,1.05,0
113.65,0.00,1.05,0
113.7,0.00,1.04,0
113.75,0.00,1.04,0
113.8,0.00,1.04,0
113.85,0.00,1.03,0
113.9,0.00,1.03,0
113.95,0.00,1.02,0
114,0.00,1.02,0
114.05,0.00,1.02,0
114.1,0.00,1.02,0
114.15,0.00,1.02,0
114.2,0.00,1.02,0
114.25,0.00,1.02,0
114.3,0.00,1.01,0
114.35,0.00,1.01,0
114.4,0.00,1.01,0
114.45,0.00,1.01,0
114.5,0.00,1.00,0
114.55,0.00,1.00,0
114.6,0.00,0.99,0
114.65,0.00,0.98,0
114.7,0.00,0.97,0
114.75,0.00,0.97,0
114.8,0.00,0.98,0
114.85,0.00,0.98,0
114.9,0.00,0.99,0
114.95,0.00,0.99,0
115,0.00,0.99,0
115.05,0.00,0.99,0
115.1,0.00,0.98,0
115.15,0.00,0.99,0
115.2,0.00,0.98,0
115.25,0.00,0.98,0
115.3,0.00,0.97,0
115.35,0.00,0.97,0
115.4,0.00,0.97,0
115.45,0.00,0.97,0
115.5,0.00,0.97,0
115.55,0.00,0.97,0
115.6,0.00,0.97,0
115.65,0.00,0.97,0
115.7,0.00,0.96,0
115.75,0.00,0.96,0
115.8,0.00,0.96,0
115.85,0.00,0.96,0
115.9,0.00,0.95,0
115.95,0.00,0.95,0
116,0.00,0.95,0
116.05,0.00,0.94,0
116.1,0.00,0.93,0
116.15,0.00,0.93,0
116.2,0.00,0.93,0
116.25,0.00,0.93,0
116.3,0.00,0.94,0
116.35,0.00,0.94,0
116.4,0.00,0.94,0
116.45,0.00,0.94,0
116.5,0.00,0.94,0
116.55,0.00,0.93,0
116.6,0.00,0.93,0
116.65,0.00,0.93,0
116.7,0.00,0.92,0
116.75,0.00,0.91,0
116.8,0.00,0.90,0
116.85,0.00,0.89,0
116.9,0.00,0.90,0
116.95,0.00,0.90,0
117,0.00,0.90,0
117.05,0.00,0.91,0
117.1,0.00,0.92,0
117.15,0.00,0.91,0
117.2,0.00,0.91,0
117.25,0.00,0.91,0
117.3,0.00,0.92,0
117.35,0.00,0.91,0
117.4,0.00,0.91,0
117.45,0.00,0.90,0
117.5,0.00,0.89,0
117.55,0.00,0.89,0
117.6,0.00,0.88,0
117.65,0.00,0.88,0
117.7,0.00,0.88,0
117.75,0.00,0.89,0
117.8,0.00,0.89,0
117.85,0.00,0.90,0
117.9,0.00,0.89,0
117.95,0.00,0.89,0
118,0.00,0.89,0
118.05,0.00,0.89,0
118.1,0.00,0.89,0
118.15,0.00,0.88,0
118.2,0.00,0.88,0
118.25,0.00,0.87,0
118.3,0.00,0.86,0
118.35,0.00,0.86,0
118.4,0.00,0.86,0
118.45,0.00,0.86,0
118.5,0.00,0.86,0
118.55,0.00,0.86,0
118.6,0.00,0.87,0
118.65,0.00,0.86,0
118.7,0.00,0.86,0
118.75,0.00,0.86,0
118.8,0.00,0.86,0
118.85,0.00,0.86,0
118.9,0.00,0.85,0
118.95,0.00,0.85,0
119,0.00,0.84,0
119.05,0.00,0.84,0
119.1,0.00,0.84,0
119.15,0.00,0.84,0
119.2,0.00,0.84,0
119.25,0.00,0.85,0
119.3,0.00,0.84,0
119.35,0.00,0.84,0
119.4,0.00,0.84,0
119.45,0.00,0.84,0
119.5,0.00,0.84,0
119.55,0.00,0.83,0
119.6,0.00,0.82,0
119.65,0.00,0.81,0
119.7,0.00,0.81,0
119.75,0.00,0.81,0
119.8,0.00,0.81,0
119.85,0.00,0.82,0
119.9,0.00,0.83,0
119.95,0.00,0.82,0
120,0.00,0.82,0
120.05,0.00,0.82,0
120.1,0.00,0.82,0
120.15,0.00,0.82,0
120.2,0.00,0.81,0
120.25,0.00,0.81,0
120.3,0.00,0.80,0
120.35,0.00,0.79,0
120.4,0.00,0.79,0
120.45,0.00,0.79,0
120.5,0.00,0.79,0
120.55,0.00,0.80,0
120.6,0.00,0.81,0
120.65,0.00,0.81,0
120.7,0.00,0.81,0
120.75,0.00,0.81,0
120.8,0.00,0.81,0
120.85,0.00,0.81,0
120.9,0.00,0.80,0
120.95,0.00,0.79,0
121,0.00,0.78,0
121.05,0.00,0.78,0
121.1,0.00,0.78,0
121.15,0.00,0.78,0
121.2,0.00,0.78,0
121.25,0.00,0.79,0
121.3,0.00,0.79,0
121.35,0.00,0.78,0
121.4,0.00,0.79,0
121.45,0.00,0.79,0
121.5,0.00,0.79,0
121.55,0.00,0.79,0
121.6,0.00,0.78,0
121.65,0.00,0.77,0
121.7,0.00,0.76,0
121.75,0.00,0.77,0
121.8,0.00,0.77,0
121.85,0.00,0.77,0
121.9,0.00,0.78,0
121.95,0.00,0.77,0
122,0.00,0.77,0
122.05,0.00,0.77,0
122.1,0.00,0.78,0
122.15,0.00,0.77,0
122.2,0.00,0.77,0
122.25,0.00,0.77,0
122.3,0.00,0.76,0
122.35,0.00,0.75,0
122.4,0.00,0.75,0
122.45,0.00,0.75,0
122.5,0.00,0.75,0
122.55,0.00,0.76,0
122.6,0.00,0.76,0
122.65,0.00,0.75,0
122.7,0.00,0.75,0
122.75,0.00,0.75,0
122.8,0.00,0.75,0
122.85,0.00,0.75,0
122.9,0.00,0.75,0
122.95,0.00,0.74,0
123,0.00,0.73,0
123.05,0.00,0.73,0
123.1,0.00,0.73,0
123.15,0.00,0.74,0
123.2,0.00,0.74,0
123.25,0.00,0.75,0
123.3,0.00,0.74,0
123.35,0.00,0.74,0
123.4,0.00,0.74,0
123.45,0.00,0.74,0
123.5,0.00,0.73,0
123.55,0.00,0.73,0
123.6,0.00,0.72,0
123.65,0.00,0.71,0
123.7,0.00,0.71,0
123.75,0.00,0.71,0
123.8,0.00,0.71,0
123.85,0.00,0.71,0
123.9,0.00,0.72,0
123.95,0.00,0.73,0
124,0.00,0.72,0
124.05,0.00,0.72,0
124.1,0.00,0.72,0
124.15,0.00,0.72,0
124.2,0.00,0.72,0
124.25,0.00,0.72,0
124.3,0.00,0.71,0
124.35,0.00,0.71,0
124.4,0.00,0.71,0
124.45,0.00,0.71,0
124.5,0.00,0.71,0
124.55,0.00,0.71,0
124.6,0.00,0.71,0
124.65,0.00,0.71,0
124.7,0.00,0.71,0
124.75,0.00,0.71,0
124.8,0.00,0.72,0
124.85,0.00,0.71,0
124.9,0.00,0.71,0
124.95,0.00,0.70,0
125,0.00,0.70,0
125.05,0.00,0.68,0
125.1,0.00,0.68,0
125.15,0.00,0.68,0
125.2,0.00,0.68,0
125.25,0.00,0.68,0
125.3,0.00,0.69,0
125.35,0.00,0.70,0
125.4,0.00,0.69,0
125.45,0.00,0.69,0
125.5,0.00,0.69,0
125.55,0.00,0.69,0
125.6,0.00,0.69,0
125.65,0.00,0.69,0
125.7,0.00,0.68,0
125.75,0.00,0.68,0
125.8,0.00,0.68,0
125.85,0.00,0.69,0
125.9,0.00,0.69,0
125.95,0.00,0.69,0
126,0.00,0.68,0
126.05,0.00,0.69,0
126.1,0.00,0.70,0
126.15,0.00,0.70,0
126.2,0.00,0.71,0
126.25,0.00,0.70,0
126.3,0.00,0.70,0
126.35,0.00,0.68,0
126.4,0.00,0.67,0
126.45,0.00,0.66,0
126.5,0.00,0.65,0
126.55,0.00,0.65,0
126.6,0.00,0.66,0
126.65,0.00,0.66,0
126.7,0.00,0.66,0
126.75,0.00,0.66,0
126.8,0.00,0.67,0
126.85,0.00,0.67,0
126.9,0.00,0.67,0
126.95,0.00,0.67,0
127,0.00,0.67,0
127.05,0.00,0.66,0
127.1,0.00,0.66,0
127.15,0.00,0.66,0
127.2,0.00,0.65,0
127.25,0.00,0.65,0
127.3,0.00,0.65,0
127.35,0.00,0.65,0
127.4,0.00,0.65,0
127.45,0.00,0.65,0
127.5,0.00,0.66,0
127.55,0.00,0.66,0
127.6,0.00,0.66,0
127.65,0.00,0.66,0
127.7,0.00,0.66,0
127.75,0.00,0.66,0
127.8,0.00,0.66,0
127.85,0.00,0.65,0
127.9,0.00,0.65,0
127.95,0.00,0.65,0
128,0.00,0.65,0
128.05,0.00,0.65,0
128.1,0.00,0.64,0
128.15,0.00,0.64,0
128.2,0.00,0.64,0
128.25,0.00,0.65,0
128.3,0.00,0.65,0
128.35,0.00,0.65,0
128.4,0.00,0.64,0
128.45,0.00,0.64,0
128.5,0.00,0.63,0
128.55,0.00,0.63,0
128.6,0.00,0.63,0
128.65,0.00,0.63,0
128.7,0.00,0.63,0
128.75,0.00,0.63,0
128.8,0.00,0.63,0
128.85,0.00,0.64,0
128.9,0.00,0.64,0
128.95,0.00,0.65,0
129,0.00,0.65,0
129.05,0.00,0.65,0
129.1,0.00,0.65,0
129.15,0.00,0.64,0
129.2,0.00,0.63,0
129.25,0.00,0.61,0
129.3,0.00,0.62,0
129.35,0.00,0.62,0
129.4,0.00,0.62,0
129.45,0.00,0.62,0
129.5,0.00,0.61,0
129.55,0.00,0.62,0
129.6,0.00,0.62,0
129.65,0.00,0.63,0
129.7,0.00,0.64,0
129.75,0.00,0.65,0
129.8,0.00,0.64,0
129.85,0.00,0.63,0
129.9,0.00,0.62,0
129.95,0.00,0.61,0
130,0.00,0.61,0
130.05,0.00,0.61,0
130.1,0.00,0.61,0
130.15,0.00,0.61,0
130.2,0.00,0.60,0
130.25,0.00,0.60,0
130.3,0.00,0.61,0
130.35,0.00,0.61,0
130.4,0.00,0.62,0
130.45,0.00,0.63,0
130.5,0.00,0.63,0
130.55,0.00,0.62,0
130.6,0.00,0.61,0
130.65,0.00,0.60,0
130.7,0.00,0.59,0
130.75,0.00,0.60,0
130.8,0.00,0.60,0
130.85,0.00,0.60,0
130.9,0.00,0.59,0
130.95,0.00,0.60,0
131,0.00,0.60,0
131.05,0.00,0.60,0
131.1,0.00,0.61,0
131.15,0.00,0.61,0
131.2,0.00,0.60,0
131.25,0.00,0.59,0
131.3,0.00,0.59,0
131.35,0.00,0.58,0
131.4,0.00,0.58,0
131.45,0.00,0.58,0
131.5,0.00,0.58,0
131.55,75.00,0.57,7.5
131.6,75.00,0.58,7.5
131.65,75.00,0.63,7.5
131.7,75.00,0.75,7.5
131.75,75.00,0.94,7.5
131.8,75.00,1.19,7.5
131.85,75.00,1.53,7.5
131.9,75.00,1.91,7.5
131.95,75.00,2.33,7.5
132,75.00,2.79,7.5
132.05,75.00,3.30,7.5
132.1,75.00,3.85,7.5
132.15,75.00,4.43,7.5
132.2,75.00,5.04,7.5
132.25,75.00,5.64,7.5
132.3,75.00,6.26,7.5
132.35,75.00,6.89,7.5
132.4,75.00,7.45,7.5
132.45,75.00,8.00,7.5
132.5,75.00,8.57,7.5
132.55,75.00,9.09,7.5
132.6,75.00,9.59,7.5
132.65,75.00,10.36,7.5
132.7,75.00,10.88,7.5
132.75,75.00,11.35,7.5
132.8,75.00,11.83,7.5
132.85,75.00,12.29,7.5
132.9,75.00,12.74,7.5
132.95,0.00,13.16,0
133,0.00,13.54,0
133.05,0.00,13.80,0
133.1,0.00,13.93,0
133.15,0.00,13.96,0
133.2,0.00,13.89,0
133.25,0.00,13.75,0
133.3,0.00,13.61,0
133.35,0.00,13.49,0
133.4,0.00,13.37,0
133.45,0.00,13.19,0
133.5,0.00,13.09,0
133.55,0.00,12.98,0
133.6,0.00,12.88,0
133.65,0.00,12.78,0
133.7,0.00,12.69,0
133.75,0.00,12.59,0
133.8,0.00,12.50,0
133.85,0.00,12.40,0
133.9,0.00,12.30,0
133.95,0.00,12.21,0
134,0.00,12.12,0
134.05,0.00,12.03,0
134.1,0.00,11.94,0
134.15,0.00,11.86,0
134.2,0.00,11.72,0
134.25,0.00,11.64,0
134.3,0.00,11.56,0
134.35,0.00,11.49,0
134.4,0.00,11.41,0
134.45,0.00,11.33,0
134.5,0.00,11.25,0
134.55,0.00,11.17,0
134.6,0.00,11.09,0
134.65,0.00,11.01,0
134.7,0.00,10.93,0
134.75,0.00,10.86,0
134.8,0.00,10.79,0
134.85,0.00,10.67,0
134.9,0.00,10.60,0
134.95,0.00,10.53,0
135,0.00,10.46,0
135.05,0.00,10.40,0
135.1,0.00,10.33,0
135.15,0.00,10.25,0
135.2,0.00,10.18,0
135.25,0.00,10.11,0
135.3,0.00,10.04,0
135.35,0.00,9.97,0
135.4,0.00,9.91,0
135.45,0.00,9.85,0
135.5,0.00,9.74,0
135.55,0.00,9.68,0
135.6,0.00,9.62,0
135.65,0.00,9.56,0
135.7,0.00,9.50,0
135.75,0.00,9.44,0
135.8,0.00,9.39,0
135.85,0.00,9.33,0
135.9,0.00,9.26,0
135.95,0.00,9.20,0
136,0.00,9.12,0
136.05,0.00,9.06,0
136.1,0.00,8.99,0
136.15,0.00,8.94,0
136.2,0.00,8.89,0
136.25,0.00,8.80,0
136.3,0.00,8.75,0
136.35,0.00,8.70,0
136.4,0.00,8.64,0
136.45,0.00,8.59,0
136.5,0.00,8.54,0
136.55,0.00,8.48,0
136.6,0.00,8.43,0
136.65,0.00,8.37,0
136.7,0.00,8.31,0
136.75,0.00,8.26,0
136.8,0.00,8.21,0
136.85,0.00,8.16,0
136.9,0.00,8.08,0
136.95,0.00,8.02,0
137,0.00,7.97,0
137.05,0.00,7.92,0
137.1,0.00,7.87,0
137.15,0.00,7.83,0
137.2,0.00,7.79,0
137.25,0.00,7.74,0
137.3,0.00,7.69,0
137.35,0.00,7.64,0
137.4,0.00,7.58,0
137.45,0.00,7.53,0
137.5,0.00,7.49,0
137.55,0.00,7.45,0
137.6,0.00,7.40,0
137.65,0.00,7.33,0
137.7,0.00,7.29,0
137.75,0.00,7.25,0
137.8,0.00,7.21,0
137.85,0.00,7.17,0
137.9,0.00,7.13,0
137.95,0.00,7.09,0
138,0.00,7.04,0
138.05,0.00,6.99,0
138.1,0.00,6.95,0
138.15,0.00,6.90,0
138.2,0.00,6.86,0
138.25,0.00,6.82,0
138.3,0.00,6.78,0
138.35,0.00,6.71,0
138.4,0.00,6.67,0
138.45,0.00,6.64,0
138.5,0.00,6.60,0
138.55,0.00,6.56,0
138.6,0.00,6.53,0
138.65,0.00,6.49,0
138.7,0.00,6.45,0
138.75,0.00,6.41,0
138.8,0.00,6.36,0
138.85,0.00,6.32,0
138.9,0.00,6.27,0
138.95,0.00,6.24,0
139,0.00,6.21,0
139.05,0.00,6.15,0
139.1,0.00,6.10,0
139.15,0.00,6.07,0
139.2,0.00,6.03,0
139.25,0.00,6.00,0
139.3,0.00,5.97,0
139.35,0.00,5.95,0
139.4,0.00,5.91,0
139.45,0.00,5.87,0
139.5,0.00,5.83,0
139.55,0.00,5.80,0
139.6,0.00,5.76,0
139.65,0.00,5.73,0
139.7,0.00,5.69,0
139.75,0.00,5.64,0
139.8,0.00,5.61,0
139.85,0.00,5.58,0
139.9,0.00,5.55,0
139.95,0.00,5.52,0
140,0.00,5.49,0
140.05,0.00,5.46,0
140.1,0.00,5.43,0
140.15,0.00,5.39,0
140.2,0.00,5.35,0
140.25,0.00,5.31,0
140.3,0.00,5.29,0
140.35,0.00,5.26,0
140.4,0.00,5.20,0
140.45,0.00,5.18,0
140.5,0.00,5.15,0
140.55,0.00,5.12,0
140.6,0.00,5.10,0
140.65,0.00,5.07,0
140.7,0.00,5.04,0
140.75,0.00,5.00,0
140.8,0.00,4.97,0
140.85,0.00,4.94,0
140.9,0.00,4.91,0
140.95,0.00,4.88,0
141,0.00,4.86,0
141.05,0.00,4.81,0
141.1,0.00,4.77,0
141.15,0.00,4.74,0
141.2,0.00,4.72,0
141.25,0.00,4.70,0
141.3,0.00,4.68,0
141.35,0.00,4.67,0
141.4,0.00,4.64,0
141.45,0.00,4.61,0
141.5,0.00,4.58,0
141.55,0.00,4.55,0
141.6,0.00,4.52,0
141.65,0.00,4.48,0
141.7,0.00,4.46,0
141.75,0.00,4.44,0
141.8,0.00,4.39,0
141.85,0.00,4.37,0
141.9,0.00,4.35,0
141.95,0.00,4.33,0
142,0.00,4.30,0
142.05,0.00,4.29,0
142.1,0.00,4.26,0
142.15,0.00,4.23,0
142.2,0.00,4.20,0
142.25,0.00,4.18,0
142.3,0.00,4.15,0
142.35,0.00,4.13,0
142.4,0.00,4.11,0
142.45,0.00,4.07,0
142.5,0.00,4.05,0
142.55,0.00,4.03,0
142.6,0.00,4.01,0
142.65,0.00,3.99,0
142.7,0.00,3.98,0
142.75,0.00,3.95,0
142.8,0.00,3.93,0
142.85,0.00,3.90,0
142.9,0.00,3.88,0
142.95,0.00,3.85,0
143,0.00,3.83,0
143.05,0.00,3.82,0
143.1,0.00,3.78,0
143.15,0.00,3.75,0
143.2,0.00,3.73,0
143.25,0.00,3.72,0
143.3,0.00,3.70,0
143.35,0.00,3.69,0
143.4,0.00,3.68,0
143.45,0.00,3.67,0
143.5,0.00,3.65,0
143.55,0.00,3.63,0
143.6,0.00,3.60,0
143.65,0.00,3.57,0
143.7,0.00,3.55,0
143.75,0.00,3.52,0
143.8,0.00,3.51,0
143.85,0.00,3.49,0
143.9,0.00,3.46,0
143.95,0.00,3.44,0
144,0.00,3.43,0
144.05,0.00,3.41,0
144.1,0.00,3.40,0
144.15,0.00,3.39,0
144.2,0.00,3.37,0
144.25,0.00,3.35,0
144.3,0.00,3.33,0
144.35,0.00,3.31,0
144.4,0.00,3.28,0
144.45,0.00,3.26,0
144.5,0.00,3.25,0
144.55,0.00,3.23,0
144.6,0.00,3.20,0
144.65,0.00,3.18,0
144.7,0.00,3.17,0
144.75,0.00,3.16,0
144.8,0.00,3.15,0
144.85,0.00,3.13,0
144.9,0.00,3.13,0
144.95,0.00,3.11,0
145,0.00,3.09,0
145.05,0.00,3.06,0
145.1,0.00,3.04,0
145.15,0.00,3.02,0
145.2,0.00,3.01,0